id;Название;тип;статус;компания;описание;Тип;Подтип;Сценарий;Кейсы;УГТ;Рын Потенциал;Регион;Отрасль;Цена изделия
5760e938-9a43-45a7-b8e8-f4f2e6383930;Ronavi H1500 (грузоподъемность до 1 500 кг);brs;operation;"ООО ""Ронави Роботикс""";Автономный мобильный робот (AMR), разработанный отечественной компанией Ronavi Robotics (входит в контур группы «ТехноСпарк» инвестиционной сети РОСНАНО). Он спроектирован для автоматизации складской и производственной логистики и предназначен для перемещения паллет, тележек и конвейерных модулей.;Мобильные роботы;AMR;Внутрискладская логистика;Внедрено 48 роботов на складах ГК «Восток-Сервис» для транспортировки грузов между зонами хранения. В результате производительность выросла вдвое - с 4 до 8 тысяч отгрузок за смену, количество ошибок сократилось в 13 раз.;8;4.00;Москва;Торговля и услуги;2 700 000,00
3f2aaa1b-2237-4d7b-b215-1ac5ec789ed5;Ronavi SR (грузоподъемность до 50 кг);brs;operation;"ООО ""Ронави Роботикс""";Российский автономный мобильный робот-сортировщик (AMR), разработанный компанией Ronavi Robotics. Устройство предназначено для автоматической высокоскоростной сортировки посылок, писем, коробов и штучных товаров на складах интернет-магазинов, маркетплейсов и логистических операторов (3PL).;Мобильные роботы;AMR;Внутрискладская логистика;В подразделении ГК «Деловые Линии» (Новосибирск) внедрена автоматизированная система сортировки посылок весом до 30 кг. В результате производительность сортировки повышена в 1,5 раза, снижены трудоемкость и себестоимость работ.;8;4.00;Москва;Торговля и услуги;950 000,00
6f3da854-41da-4363-8496-5487f37c845a;Ronavi H2000 (грузоподъемность до 2 000 кг);brs;operation;"ООО ""Ронави Роботикс""";Автономный мобильный робот. Платформа специально спроектирована для перемещения тяжелых крупногабаритных грузов массой до 2000 кг (2 тонн). В отличие от модели H1500, которая оптимизирована под классические паллетные склады, Ronavi H2000 создан для производственной логистики. Его главное назначение — автоматизация перемещений в цехах, создание гибких сборочных линий и «компенсация конвейерных разрывов» (перевозка заготовок и узлов между участками, где невозможно проложить стационарный конвейер).;Мобильные роботы;AMR;Внутрискладская логистика;На предприятии автопрома реализована компенсация конвейерного разрыва на базе AMR Ronavi H2000: синхронизированы производственные процессы, уменьшено количество пилотируемой техники на участке;8;3.00;Москва;Торговля и услуги;2 640 000,00
66d8e7ad-cdcd-4287-afb0-e2afa9ef5217;Ronavi SD (грузоподъемность до 10 кг);brs;piloting;"ООО ""Ронави Роботикс""";Сортировочный робот с откидной крышкой для работы на подиуме.;Мобильные роботы;AMR;Внутрискладская логистика;Изготовлен и испытан промышленный образец с опрокидываемым ковшом, для компактной и гибкой подиумной сортировки;8;4.00;Москва;Торговля и услуги;1 400 000,00
dcfd9975-81eb-49b5-a422-827a720ba582;Ronavi M (грузоподъемность до 1200 кг);brs;piloting;"ООО ""Ронави Роботикс""";Робот для транспортировки стеллажей к станции комплектации.;Мобильные роботы;AMR;Внутрискладская логистика;Бесподвесочный логистический робот с поворотным кругом для транспортировки мобильных стеллажей и столиков разработан и испытан, готов к серийному производству;7;4.00;Москва;Торговля и услуги;2 400 000,00
4d347e47-38f9-415b-aae1-7a6d3759a75c;Ronavi RCM (грузоподъемность до 350 кг);brs;rnd;"ООО ""Ронави Роботикс""";;Мобильные роботы;AMR;Внутрискладская логистика;Разработана конструкторская документация ультратонкого логистического робота для транспортировки ролл-кейджей;3;4.00;Москва;Торговля и услуги;2 000 000,00
89ffd69f-f07b-4bf2-8023-1fd765a2b6ff;AMR 100 (грузоподъемность до 100 кг);brs;operation;"ООО ""Морос""";Предназначен для автоматизированной транспортировки легких грузов на складах, в производственных цехах и на других промышленных объектах.;Мобильные роботы;AMR;Внутрискладская логистика;Более 40 AMR100 с двумя типами оснасток в составе действующей роботизированной линии СООО «Белвест». Перемещение грузов по территории цеха осуществляется исключительно с помощью мобильных роботов без участия человека. Сложная маршрутная карта насчитывает сотни перекрестков и тысячи различных вариаций маршрутов.;9;4.00;Москва;Торговля и услуги;1 500 000,00
5ec66969-8fcc-47b3-b517-a9c29372fffe;AMR 800 (грузоподъемность до 800 кг);brs;operation;"ООО ""Морос""";Предназначен для автоматизированной транспортировки грузов на складах, в производственных цехах и на других промышленных объектах. Робот способен перемещаться по произвольным и заданным маршрутам, останавливаться в заданных точках для выполнения загрузки/разгрузки материалов или грузов.;Мобильные роботы;AMR;Внутрискладская логистика;27 роботов AMR800 с различными типами оснастки протестированы на складах крупных e-commerce компаний. Подтверждено соответствие роботов заявленным характеристикам, а также продемонстрирована стабильность работы аппаратной и программной частей.  Кроме того, подтверждены эффективность роботизации складской логистики и повышение производительности за счет автоматизации перемещения паллет и стеллажей при отборе товаров для последующей отгрузки.;9;4.00;Москва;Торговля и услуги;1 800 000,00
7d5a76d2-7bf3-4a40-b6f7-64590d4d9273;AMR 1500 (грузоподъемность до 1 500 кг);brs;piloting;"ООО ""Морос""";Предназначен для автоматизированной транспортировки тяжелых грузов на складах, в производственных цехах и на других промышленных объектах. Обладает уникальными для своего класса характеристиками: усиленной конструкцией и мощными приводами, обеспечивающими грузоподъёмность до 1500 кг. При этом робот отличается компактными габаритами – 1100×600×230 мм, развивает скорость до 1,5 м/с и способен перемещаться в проездах шириной от 680 мм. Время автономной работы достигает 22 часов;Мобильные роботы;AMR;Внутрискладская логистика;В Центре испытаний робототехники в Сколково подтверждены заявленные ТТХ, в т.ч.: • точность навигации и маневрирования в ограниченном пространстве • способность распознавать препятствия и безопасно их объезжать • работу алгоритмов маршрутизации и оптимизации пути • скорость и точность выполнения задач по перемещению грузов • автономность работы и эффективность системы зарядки • устойчивость к внешним помехам и стабильность связи;8;4.00;Москва;Торговля и услуги;2 200 000,00
cccd0c0d-8ae7-435d-a171-45f5d82886e6;DMR 1200 (грузоподъемность до 1 200 кг);brs;piloting;"ООО ""Диком-Сервис""";;Мобильные роботы;AMR;Внутрискладская логистика;Робот для перемещения грузов на отдельно стоящих стеллажах и тележках успешно прошел испытания, проведенные ФЦ БАС и МИК. Платформа подтвердила заявленную грузоподъемность и время автономной работы.;8;3.00;Санкт-Петербург;Торговля и услуги;4 000 000,00
be814758-3616-4b94-befa-9848be2ac604;DMR 600 (грузоподъемность до 600 кг);brs;piloting;"ООО ""Диком-Сервис""";;Мобильные роботы;AMR;Внутрискладская логистика;Робот DRM 600 проходит тестирование на собственном заводе компании;7;3.00;Санкт-Петербург;Торговля и услуги;3 750 000,00
993d980e-8b91-45e0-9c98-50ffab6e11e4;Сёмабот (грузоподъемность до 1 500 кг);brs;piloting;"ООО ""Семаргл""";;Мобильные роботы;AMR;Внутрискладская логистика;Проведены успешные испытания робота «Сёмабот» грузоподъемностью 1,5 тонны на тестовой площадке в Сколково под задачи крупных складских комплексов ритейла. Платформа подтвердила заявленную грузоподъемность и время автономной работы.;8;3.00;Санкт-Петербург;Торговля и услуги;2 500 000,00
f7634ef8-0034-4c5b-b2f0-e44a14f05a76;DMR Carrier P;brs;piloting;"ООО ""Диком-Сервис""";Автономный FMR-робот (вилочный погрузчик) ДиКом DMR Carrier P — это революция в складской логистике. Робот-штабелер грузоподъемностью 1500 кг самостоятельно перемещает паллеты, не требуя магнитных лент или рельсов.  ;Мобильные роботы;;Внутрискладская логистика;Автономный FMR-робот (вилочный погрузчик) ДиКом DMR Carrier P находиться на стадии пилотного тестирования;8;4.00;Санкт-Петербург;Торговля и услуги;4 300 000,00
5a36611d-033e-4893-bd49-5d4f776f57dd;AK-2000-2;brs;operation;"ООО ""ГК Автомакон""";Полностью автономное беспилотное транспортное средство для напольного перемещения паллетных грузов.;Автономные наземные транспортные средства;FMR;Внутрискладская логистика;Внедрены 67 роботов FMR в распределительном центре «Пятерочки» X5 Group «Новая Рига» для перемещения, сортировки и транспортировки грузов. Использование одного робота позволяет экономить 180 человеко-часов за одну процедуру инвентаризации.;9;4.00;Москва;Торговля и услуги;2 940 000,00
2ffc706d-fe43-4c2b-baad-a624a95ad3ce;Робот-штабелёр RoboCV;brs;operation;"ООО ""Робосиви""";Российский автономный беспилотный вилочный погрузчик, разработанный компанией RoboCV (резидент Инновационного центра «Сколково»). Комплекс предназначен для автоматизации напольного перемещения паллетных грузов, а также их обслуживания на различных ярусах стеллажей и конвейеров.Главная особенность решений RoboCV — использование интеллектуальной системы RoboCV AUTOPILOT (в рамках концепции X-MOTION). Она превращает стандартную складскую технику (например, марок Still или Linde) в полностью автоном;Мобильные роботы;Робот-штабелер;Внутрискладская логистика;Реализован проект по роботизации процессов перемещения паллетных грузов с производства на склад на предприятии ООО ФИРМА «ЦИКЛ» (Ковров) и заводе Knauf (Красногорск).;8;3.00;Москва;Торговля и услуги;2 500 000,00
b4a9ef38-b68a-4c0f-8512-9bc9a718c4e1;Робот-тягач RoboCV;brs;operation;"ООО ""Робосиви""";;Автономные наземные транспортные средства;Беспилотный тягач;Внутрискладская логистика;На автомобильном заводе ГАЗ (Нижний Новгород) запущен складской робот-тягач для транспортировки комплектующих со склада к производственной линии предприятия.;8;3.00;Москва;Торговля и услуги;2 500 000,00
0ece582a-084c-4a8b-99f4-576f0e01b7c8;SmartCube;brs;operation;"ООО ""АРС""";Флагманская роботизированная система кубического хранения, разработанная отечественной компанией ARS Smart Robotics (основана выпускниками МГТУ им. Баумана в 2016 году). Это первая и единственная в России и СНГ автоматизированная система такого типа, которая конкурирует с мировыми аналогами (например, AutoStore).;Стационарные роботизированные системы;Умная система хранения;Внутрискладская логистика;Автоматизирован даркстор X5 Group: были роботизированы хранение сухих товаров и сборка клиентских заказов для онлайн-доставки.;8;4.00;Москва;Торговля и услуги;2 700 000,00
19a68304-56f7-432f-afd8-b97b2b8466ba;Беспилотный погрузчик;brs;piloting;МФТИ;;Мобильные роботы;Беспилотный погрузчик;Внутрискладская логистика;Разработан программно-аппаратный комплекс «Беспилотный погрузчик» для автономной работы на складах в одном пространстве с людьми. Пилотные проекты реализованы в логистических центрах «ВкусВилл», X5 Group и СберЛогистика, первое коммерческое использование начато для компании «НижБел».;7;3.00;Москва;Торговля и услуги;3 000 000,00
ecd7d582-b342-449a-b43b-66288d159a32;MULE;brs;piloting;ООО «СМ РОБОТИКС»;;Мобильные роботы;FMR;Внутрискладская логистика;Робот прошел пилотное тестирование на складе 3PL-оператора RFL. Пилот проходит на широкопроходном складе площадью 20 000 м² на 27 000 палетомест с интенсивным палетным потоком;7;4.00;Москва;Торговля и услуги;3 000 000,00
e8960183-1828-4fdb-8c39-91f5a3523a96;РУБИ-С-03;brs;operation;"ООО ""РОБО""";Автономный робот-уборщик. Устройство представляет собой умную клининговую систему для влажной и сухой уборки внутренних помещений средних и крупных размеров. Роботы этой серии активно внедряются в бизнес-центрах, супермаркетах, жилых комплексах, университетах и на объектах государственных корпораций.;Мобильные роботы;Робот-уборщик;Уборка помещений;В фондохранилище Государственного Эрмитажа успешно внедрен клининговый комплекс, осуществляющий уборку по заданному расписанию на двух типах покрытия с преодолением перепадов пола и выбором режима уборки (интенсивное, обычное).;9;4.00;Москва;Торговля и услуги;2 200 000,00
446c5207-a099-45e0-b615-afd60de08589;MARK 2 SE;brs;operation;"ООО ""Р2Б""";Fвтономный промышленный робот-уборщик российского производства;Мобильные роботы;Робот-уборщик;Уборка помещений;Робот уборщик успешно внедряется на различных типах объектов: в Красноярском аэропорту, Красноярском техникуме, ТЦ KazanMall, в продуктовой сети Магнит и на других объектах;9;4.00;Ярославская область;Торговля и услуги;1 900 000,00
e2095cfe-3ce4-404e-a4bb-2f378480d7ca;АК-SC80;brs;operation;"ООО ""ГК Автомакон""";Промышленный автономный робот-уборщик. Устройство представляет собой беспилотную поломоечную машину премиального класса. Оно предназначено для автоматизированного сухого и влажного клининга сверхбольших площадей: логистических хабов, закрытых складов, торговых центров и заводских цехов. Робот интегрирован в общую промышленную экосистему «Автомакона».;Мобильные роботы;Робот-уборщик;Уборка помещений;«Автомакон» внедряет роботов в распределительных центрах «Пятёрочки» X5 Group. Первая партия из 12 роботов уже работает в РЦ «Пятёрочки» в Подмосковье.;9;5.00;Москва;Торговля и услуги;4 056 000,00
f31223c1-44c8-4410-8381-6356e2158b61;Клинботикс 400 PRO;brs;operation;"ООО ""Вейбот Автомакон Роботикс""";;Мобильные роботы;Робот уборщик;Уборка помещений;Внедрены роботы «Клинботикс 400 ПРО» в ТРЦ «Гранд Каньон. Территория развития» в Санкт-Петербурге. Площадь уборки составляет более 2 тыс. м²;8;4.00;Ростовская область;Торговля и услуги;1 500 000,00
5a5b3599-bd64-4330-9bbb-4f8ce7d780b9;Клинботикс 600;brs;operation;"ООО ""Вейбот Автомакон Роботикс""";;Мобильные роботы;Робот уборщик;Уборка помещений;Внедрены два робота уборщика в НИИ Скорой помощи им. Н.В. Склифосовского в Москве для автоматической уборки помещений с высокой проходимостью. В результате сокращено время уборки с 1,5 часов до 35 минут, снижен расход воды и электроэнергии.;8;4.00;Ростовская область;Торговля и услуги;2 310 000,00
9b20417a-0ac7-4786-985b-f3459a15075d;Unit;brs;piloting;"ООО ""Яку Роботикс""";Автономный промышленный робот-уборщик. Устройство представляет собой автоматизированную поломоечную машину, спроектированную специально для влажной уборки больших площадей с высокой проходимостью: торговых центров, супермаркетов, закрытых складов, аэропортов и производственных цехов.;Мобильные роботы;Робот-уборщик;Уборка помещений;Проведены испытания и осуществлено внедрение робота для уборки зала в одном из магазинов сети «Ашан». Подтверждены отсутствие столкновений и стабильная работа в условиях людских потоков.;8;3.00;Москва;Торговля и услуги;2 300 000,00
ce44017e-6ada-421d-bbce-6869b33c2cda;Модель А25-1720;brs;operation;"АО ""Эйдос Робототехника""";Робот повышенной грузоподъемности для погрузки-разгрузки и сборки.;Роботы-манипуляторы;Робот-манипулятор;Сортировка грузов ;Робот-манипулятор А25-1720 предназначен для погрузки-разгрузки и осуществления сборочных работ, максимальная грузоподъемность до 25 кг;9;4.00;Республика Татарстан;Торговля и услуги;2 000 000,00
fceeacf0-579f-46cc-92ff-2057fea5da7f;Модель А12-1450;brs;operation;"АО ""Эйдос Робототехника""";Промышленный робот в реестре МПТ РФ, субсидируемая скидка до 50%.;Роботы-манипуляторы;Робот-манипулятор;Сортировка грузов ;"Как робот‑манипулятор А12 заменил бригаду сварщиков: кейс КАМАЗа
Создание учебных РТК на базе А12-1450 в Калужском филиале Института развития профессионального образования";9;4.00;Республика Татарстан;Торговля и услуги;2 000 000,00
cebbdfa8-500a-425f-bcbc-ad2dcc106539;AS-RS P;brs;operation;"ООО ""Диком-Сервис""";Груз хранится на стеллажах на EUR-поддонах. Тип стеллажа: стационарный палетный стеллаж/ Автоматическая система хранения и доставки грузов. Подача груза по принципу «товар к человеку» механизирована с помощью кран-штабелера.;Стационарные роботизированные системы;Кран-штабелёр;Сортировка грузов;ООО «ЭНКОР» — автоматизированный паллетный склад с краном-штабелером;9;3.00;Санкт-Петербург;Торговля и услуги;10 000 000,00
c125ce9a-8f04-4183-a136-5ddbb3c5ae89;AS-RS B;brs;piloting;"ООО ""Диком-Сервис""";Груз хранится в KLT ящиках. Тип стеллажа: фронтальный палетный стеллаж/Автоматическая система хранения и доставки грузов. Подача груза по принципу «товар к человеку» механизирована с помощью робота-штабелера;Стационарные роботизированные системы;Робот-штабелёр;Сортировка грузов;"Применим для хранения и сортировки грузов на складе по принципу ""Товар к человеку""";6;3.00;Санкт-Петербург;Торговля и услуги;10 000 000,00
eff2586c-892d-4e44-a407-1ec7f06c8f76;Pallet Shuttle;brs;operation;"ООО ""Завод Стелкон""";Система складского хранения с высокой плотностью.;Стационарные роботизированные системы;Шаттл;Сортировка грузов;Завод «Святой Источник» — автоматизация высокоплотного паллетного хранения;9;3.00;Московская область;Торговля и услуги;7 000 000,00
c3d39a80-5fb9-42d3-82ae-0696fb647128;Робот-комплектовщик;brs;rnd;"ООО ""Яндекс Роботикс""";;Мобильные роботы;Мобильный робот-комплектовщик;Сортировка грузов;Команда разработчиков «Яндекс Роботикс» представила мобильного робота-комплектовщика, предназначенного для выполнения тяжелых задач сборки товара.;7;3.00;Москва;Торговля и услуги;2 500 000,00
c87a27d2-065f-4b82-9ccc-91078a56ef15;Роборука;brs;rnd;"ПАО ""Сбербанк""";;Роботы-манипуляторы;Манипулятор;Сортировка грузов;Представлена разработка роборуки на подвижной платформе для автономной сборки заказов с полок и укладки в транспортную тару.;5;3.00;Москва;Торговля и услуги;2 600 000,00
05505022-3ef7-43da-8279-718e7c432491;Pick by Voice;software;operation;"ООО ""Умный сервис""";Система для голосового управления складскими операциями.;ПО;ПО для сортировки товаров;Сортировка грузов;Внедрена система Pick by Voice и Pick to Light в распределительном центре сети «Дикси» для ускорения сборки онлайн-заказов. В результате скорость сборки выросла вдвое, уровень ошибок снижен до 0,03%, пересорт практически исчез.;8;5.00;Москва;Торговля и услуги;1 000 000,00
a556b956-a781-4c38-9fc8-7daeca279b59;Pick by light;software;rnd;"ООО ""Умный сервис""";Система светового отбора для сборки штучного товара;;;Сортировка грузов;Внедрена система Pick by Voice и Pick to Light в распределительном центре сети «Дикси» для ускорения сборки онлайн-заказов. В результате скорость сборки выросла вдвое, уровень ошибок снижен до 0,03%, пересорт практически исчез.;8;5.00;Москва;Торговля и услуги;1 000 000,00
9dfb0b55-4d9e-47fc-8a28-ad4390147a26;Робот инвентаризатор;brs;operation;"ООО ""Яндекс Роботикс""";Автономное мобильное решение для полностью автоматического учета и сверки паллетных грузов на крупных складах.;Мобильные роботы;Робот инвентаризатор;Инвентаризация склада;На складе сети «Азбука Вкуса» внедрен робот-инвентаризатор от «Яндекс Роботикс», что позволило ускорить проверку остатков, повысить точность учета и обеспечить годовую экономию более 1 млн рублей.;8;5.00;Москва;Торговля и услуги;2 000 000,00
242d637c-6512-4bdf-9964-2c0010259f36;Инвентаризатор AI Stock Counter 12M;brs;operation;"ООО ""ГК Автомакон""";"Специализированный российский робот-инвентаризатор, разработанный группой компаний «Автомакон». Комплекс создан для автоматического высоковысотного пересчета и верификации паллетных грузов на складах и в крупных распределительных центрах.
Главное отличие этого комплекса от робота Яндекса — полуавтономный или гибридный форм-фактор. Робот не имеет собственного самоходного полноприводного шасси, а выполнен в виде мобильной базы-вышки. Она легко перемещается обычной ручной рохлей, вилочным погрузчик";Мобильные роботы;Робот-инвентаризатор;Инвентаризация склада;Сеть «ВкусВилл» начала роботизацию складов, включая внедрение AI Stock Counter 12M, что позволило снизить количество ошибок почти вдвое (с 2200 до 1300), а ежемесячная экономия превышает 350 тысяч рублей.;9;5.00;Москва;Торговля и услуги;2 600 000,00
db02c054-a08a-4ddf-a957-6137eeef93ba;Яндекс-ровер R 4.0;brs;operation;"ООО ""Яндекс Роботикс""";" беспилотный робот-доставщик «последней мили», предназначенный для автономной транспортировки заказов из ресторанов, магазинов и дарксторов до подъезда покупателя.

Модель R 4.0 заменила прошлые модификации роверов. В конце 2025 года компания запустила ее массовое серийное производство, начав развертывание в Москве, Санкт-Петербурге и Казани.";Мобильные роботы;Робот-ровер;Доставка последней мили;Внедрение 300 роботов-доставщиков в Яндекс Еде и Лавке (Москва, СПБ, Ленобласть, Иннополис) позволило выполнить 1 млн заказов, снизить стоимость доставки на 66% и ускорить роботов на 10% за счёт новой нейросети.;9;4.00;Москва;Торговля и услуги;700 000,00
fbd349c2-88c1-412f-95c2-96a8383217ed;Аркус;brs;rnd;НИУ ВШЭ;;Антропоморфные роботы;Антропоморфный робот;Доставка последней мили;Компания «Эфко» в сотрудничестве с НИУ ВШЭ разработала пилотный проект человекоподобного робота-курьера «Аркус» (Arcus).;3;2.00;Москва;Торговля и услуги;1 800 000,00
fade5829-1946-4cf6-a0e6-8f8381d64312;Promobot V.4;brs;operation;"ООО ""Промобот""";Автономный сервисный робот для бизнеса, разработанный российской компанией Promobot (г. Пермь). Робот предназначен для работы в местах повышенного скопления людей и выполняет функции живого сотрудника: консультанта, администратора, промоутера, гида или консьержа.;Антропоморфные роботы;Антропоморфный робот;Администрирование торгового зала;Сеть гипермаркетов «Лента» внедрила несколько штук роботов-консультантов Promobot. Они предоставляют посетителям информацию об актуальных акциях, скидках, а также демонстрируют важные материалы и предлагают протестировать новую продукцию.;9;4.00;Пермский край;Торговля и услуги;4 265 395,00
80c41c98-283d-4a29-8fce-4b9e6a1afce3;Арди;brs;rnd;"ООО ""Промобот""";Антропоморфный (человекоподобный) робот-гуманоид нового поколения на базе искусственного интеллекта, созданный по заказу международной корпорации «Дабл Ю Экспо». В отличие от классических движущихся на колесах промоботов, Арди является статичным роботом-актером и собеседником. Его главная особенность — гиперреалистичная механика движений, эластичная силиконовая кожа и способность выражать тончайшие эмоции человека.;Антропоморфные роботы;Антропоморфный робот;Администрирование торгового зала;Анонсирован первый сольный концерт человекоподобного робота Арди для демонстрации возможностей серийного робота писать, исполнять музыку и двигаться подобно человеку.;6;2.00;Пермский край;Торговля и услуги;15 000 000,00
a9c720bc-e618-4dcc-90e1-990c5a3d1ae2;Грин;brs;rnd;"ПАО ""Сбербанк""";;Антропоморфные роботы;Антропоморфный робот;Администрирование торгового зала;Представлен первый антропоморфный робот Сбера на конференции AI Journey. Запланированы пилотные проекты по интеграции робота в различные бизнес-процессы.;4;3.00;Москва;Торговля и услуги;7 000 000,00
c70f67e1-8f70-4dff-a4e2-584f0ebaefa1;Айдол;brs;piloting;"ООО ""Айдол""";;Антропоморфные роботы;Антропоморфный робот;Администрирование торгового зала;С 1 июля 2026 года, робот Айдол проходит пилотирование на территории Ходынского поля. Робот занимается консультацией гостей и может просто с ними пообщаться на любые темы;7;3.00;Москва;Торговля и услуги;7 000 000,00
1615bcc8-7168-48b2-b2d3-99a9b89f54c0;R-Cafe 1.3;brs;operation;"ООО ""Робопро""";;Стационарные роботизированные системы;Робо-кафе;Приготовление напитков;2 робокафе в Москве на станциях метро Нижегородская (функционирует с 20.05.24) и Курская (запуск с 30.12.2024). Специальный проект с изолированной зоной под требования московского метрополитена.;9;4;Москва;Торговля и услуги;5 000 000,00
7cd0705f-0615-4abd-9c1d-00ff384ffb51;Фудтрак;brs;operation;"ООО ""Соло Кофе""";;Мобильные роботы;Робо-кафе;Приготовление напитков;Компания SoloCoffee внедрила сеть роботизированных кафе различных форматов в общественных пространствах, включая парк Ветеранов и парк Мира.;9;2.00;Москва;Торговля и услуги;2 800 000,00
4dc9e1a3-441b-440c-931c-8011f7869dcf;Воркер;brs;piloting;"ПАО ""Сбербанк""";;Мобильные манипуляторы;;Сборка товаров;Робот «Воркер» уже проходит пилотные испытания на базе торговой сети «Перекрёсток». Ключевым преимуществом устройства является возможность интеграции в существующую инфраструктуру без необходимости перестройки среды.;7;5.00;Москва;Торговля и услуги;4 500 000,00
69437741-0523-499a-820a-cb375c1bf1ca;IQ-BUS V;brs;piloting;"ООО ""Аврора Роботикс""";Беспилотный автономный мобильный вендинговый автомат. Разработанный компанией «Аврора Роботикс» совместно с Robotplace, этот беспилотный робот выполняет функцию полностью автоматизированной торговой точки без кассира или оператора на борту.;Автономные наземные транспортные средства;Интеллектуальный автобус — вендинговый аппарат;Нестационарная торговля;iQ-Bus использовался в качестве первого в мире автономного магазина без кассира. Робот самостоятельно двигался по заданному маршруту в парках Рязани и продавал кофе, мороженое или снеки.;7;2.00;Рязанская область;Торговля и услуги;7 800 000,00
644aaab9-6ce1-4639-a60a-ed753f8bd589;Роботизированная передвижная зарядная станция для электромобилей;brs;rnd;Росатом;;Автономные наземные транспортные средства;;Зарядка электромобилей;Представлена автономная передвижная станция «Росатома» для зарядки электромобилей — беспилотный робот-заправщик на колесной платформе, самостоятельно подъезжающий к машинам на парковке.;3;2.00;Москва;Торговля и услуги;6 000 000,00
cdf80f5b-c60a-447b-af30-2c8a44480f98;Белка;brs;rnd;"ООО ""Дронсхаб""";Первая отечественная логистическая роботизированная платформа, созданная для автоматизации доставки грузов на этапе «последнего метра» — от подъезда до двери конкретной квартиры.;Мобильные роботы;Робот-курьер;Доставка грузов;"«Белка» — российский робот-доставщик выходит на рынок: мелкосерийное производство и тесты в московских ЖК
Дронсхаб Групп запустили производство первой отечественной логистической роботизированной платформы «Белка» для замены курьеров на этапе доставки товаров и продуктов от подъезда до квартир.";7;2.00;Москва;Торговля и услуги;1 200 000,00
0a4cab58-e194-4329-8f23-6074a5f7455f;RC5-16;brs;operation;"ООО ""Робопро""";;Роботы-манипуляторы;Коллаборативный робот-манипулятор;Производство изделий;Внедрены коллаборативные роботы серии RC («РОБОПРО») на предприятиях машиностроения, металлообработки и пищевой промышленности.;8;5.00;Москва;Промышленность;2 500 000,00
72acd18d-325d-4a3e-9472-093ecdcdbb4b;Берилл;brs;operation;"ООО ""Валдай Роботы""";6-осевой промышленный манипулятор в реестре МПТ РФ с российским процессором.;Роботы-манипуляторы;Коллаборативный робот-манипулятор;Производство изделий;Внедрен робот-манипулятор «Берилл» («Валдай Роботы») в производственный процесс Московского центра SPARC-технологий (МЦСТ).;8;4.00;Москва;Промышленность;2 500 000,00
0f4d3500-ce64-4525-a1c1-bfb542c022d3;RH06A2;brs;operation;"ООО ""СМД""";;Роботы-манипуляторы;Сварочный робот;Производство изделий;Завод «ТОНАР» осуществляет переход на автоматизацию и роботизацию производства с целью обеспечения высокого уровня качества и производительности.;8;4.00;Москва;Промышленность;3 500 000,00
d6f3eec1-61c1-40ac-98b1-0f5d80877cb7;ARM95-200 (грузоподъемность до 18 кг);brs;piloting;"ООО ""Прикладная Робототехника""";;Роботы-манипуляторы;Робот-манипулятор;Производство изделий;Сформирована линейка «Прикладной робототехники», включающая набор узкоспециализированных роботов для конкретных процессов: сборки, сварки и финишной обработки.;7;4.00;Москва;Промышленность;6 800 000,00
7cd137fa-d946-4603-9ef3-e36914001ae8;Робототехнический комплекс REDLOAD PRO 10 COBOT;brs;operation;"ООО ""Технорэд""";Мобильный комплекс для автоматизации загрузки станков с коллаборативным роботом.;Стационарные роботизированные системы;Роботизированная установка;Производство изделий;"Автоматизация механической обработки для ООО «Анвита»
Автоматизация станка с ЧПУ для ООО «Завод АМО Сталь»
Роботизация фрезерного участка для ООО «Олеон Технолоджи»
Увеличение производительности в два раза для НПП «Спецэлектромагнит»";9;4.00;Москва;Промышленность;3 500 000,00
eb72e89f-014f-4583-903c-c03be3bcfa1d;Робототехнический комплекс REDWELD BASIC;brs;operation;"ООО ""Технорэд""";Компактное сварочное решение для автоматизации дуговой сварки.;Стационарные роботизированные системы;Роботизированная установка;Производство изделий;"ООО «АЭСТЭ» — сварка деталей для автомобильной промышленности
Четырехкратное увеличение объема производства для компании GEFFEN";9;4.00;Москва;Промышленность;3 500 000,00
8a0e653f-b151-46b9-8195-ab8c275a8007;Робототехнический комплекс REDWELD PRO 10 COBOT;brs;operation;"ООО ""Технорэд""";Мобильный комплекс для роботизированной сварки с коллаборативным роботом.;Стационарные роботизированные системы;Роботизированная установка;Производство изделий;Решение REDWELD PRO на базе коллаборативного робота предназначено для мелко-серийных и штучных изделий;8;4.00;Москва;Промышленность;3 500 000,00
1906efb4-3ed1-4882-ad33-2a527ef214ac;Модель А6-2000;brs;operation;"АО ""Эйдос Робототехника""";Универсальный робот для сварки, паллетирования и обслуживания станков.;Роботы-манипуляторы;Робот-манипулятор;Производство изделий;Робот-манипулятор А6-2000 предназначен для сварки, паллетирования и осуществления сборочных работ, максимальная грузоподъемность до 6 кг;9;4.00;Республика Татарстан;Промышленность;2 500 000,00
50005fcd-0788-4d5a-b133-bdb2f8ee0863;Учебная ячейка REDEDUCATION PRO;brs;operation;"ООО ""Технорэд""";Безопасная ячейка для практико-ориентированного образования в робототехнике.;Стационарные роботизированные системы;Роботизированная установка;Производство изделий;"Применение двух комплексов REDEDUCATION PRO в МГТУ им. Н. Э. Баумана
Учебная и исследовательская эксплуатация REDEDUCATION PRO в Самарском университете имени академика С. П. Королёва 
Федеральный технопарк профессионального образования в Калуге — применение на чемпионате профессионального мастерства";9;4.00;Москва;Промышленность;2 500 000,00
ce44017e-6ada-421d-bbce-6869b33c2cda;Модель А25-1720;brs;operation;"АО ""Эйдос Робототехника""";Робот повышенной грузоподъемности для погрузки-разгрузки и сборки.;Роботы-манипуляторы;Робот-манипулятор;Производство изделий;Робот-манипулятор А25-1720 предназначен для погрузки-разгрузки и осуществления сборочных работ, максимальная грузоподъемность до 25 кг;9;4.00;Республика Татарстан;Промышленность;2 500 000,00
b6b87828-0604-4874-8ea9-46c513840c23;Модель А220-2700;brs;operation;"АО ""Эйдос Робототехника""";Максимально мощный робот для точечной сварки и сборочных работ.;Роботы-манипуляторы;Робот-манипулятор;Производство изделий;Робот-манипулятор А220-2700 предназначен для погрузки-разгрузки, точечной сварки и осуществления сборочных работ, максимальная грузоподъемность до 220 кг;9;4.00;Республика Татарстан;Промышленность;2 500 000,00
fceeacf0-579f-46cc-92ff-2057fea5da7f;Модель А12-1450;brs;operation;"АО ""Эйдос Робототехника""";Промышленный робот в реестре МПТ РФ, субсидируемая скидка до 50%.;Роботы-манипуляторы;Робот-манипулятор;Производство изделий;"Как робот‑манипулятор А12 заменил бригаду сварщиков: кейс КАМАЗа
Создание учебных РТК на базе А12-1450 в Калужском филиале Института развития профессионального образования";9;4.00;Республика Татарстан;Промышленность;2 500 000,00
e11fd28e-58be-448d-b32d-236e4de8d6d8;D. Operator P;brs;operation;"ООО ""Диком-Сервис""";Робототехнический комплекс обеспечивают непрерывность работы станков (фрезерных, токарных, лазерных и т.д.);Стационарные роботизированные системы;Роботизированная пристаночная ячейка;Производство изделий;Как D.Operator P вывел загрузку станков с 40 % до 100 %: кейс машиностроительного завода;8;3.00;Санкт-Петербург;Промышленность;9 400 000,00
92c20e09-7763-4649-bc50-11381fe2818c;Дельта-робот;brs;operation;"ООО ""Битроботикс""";Промышленный дельта-робот с высокой точностью и скоростью для производственных линий.;Стационарные роботизированные системы;Дельта-робот;Производство изделий;Агрогруппа «Хорошее дело» и птицефабрика «Чамзинская»: автоматизация укладки в гофротару;9;3.00;Москва;Промышленность;8 000 000,00
a83abbfd-78ee-43dc-9111-f51db4938001;DMR 300 Carrier B;brs;operation;"ООО ""Диком-Сервис""";Автономный мобильный робот с надстройкой для перевозки, загрузки и выгрузки материалов, заготовок и комплектующих в пластиковых ящиках KLT.;Мобильные роботы;AMR;Внутрипроизводственная логистика;"АО «Чепецкий механический завод» — закупка робота для внутрипроизводственной логистики
«Металлообработка-2025» — интеграция с автоматизированной системой хранения
Российская неделя роботизации — доставка комплектующих к роботизированной ячейке";8;3.00;Санкт-Петербург;Промышленность;10 800 000,00
be814758-3616-4b94-befa-9848be2ac604;DMR 600 (грузоподъемность до 600 кг);brs;piloting;"ООО ""Диком-Сервис""";;Мобильные роботы;AMR;Внутрипроизводственная логистика;Внедрено два робота DMR 600 на «Заводе ВРК Сапфир» для межоперационной транспортировки тяжелых заготовок между складом и ЧПУ-станками. В результате процесс подачи деталей к манипуляторам полностью автоматизирован, скорость обеспечения станков сырьем выросла на треть.;7;3.00;Санкт-Петербург;Промышленность;3 750 000,00
5b43b013-3a2e-42ca-9013-33d0a9c39b05;DMP 15000;brs;operation;"ООО ""Диком-Сервис""";Высокоманевренные автономные платформы для перевозки крупногабаритных сборочных единиц с участка на участок (например, от сварочного участка до покрасочной линии и между ее этапами).;Мобильные роботы;;Внутрипроизводственная логистика;Планируется поставить 2 тяжелые мобильные платформы грузоподъемностью 15 тонн, рассчитанные на перемещение крупногабаритных деталей по производственным цехам, на предприятия авиационной промышленности.;6;3.00;Санкт-Петербург;Промышленность;4 500 000,00
5760e938-9a43-45a7-b8e8-f4f2e6383930;Ronavi H1500 (грузоподъемность до 1 500 кг);brs;operation;"ООО ""Ронави Роботикс""";Автономный мобильный робот (AMR), разработанный отечественной компанией Ronavi Robotics (входит в контур группы «ТехноСпарк» инвестиционной сети РОСНАНО). Он спроектирован для автоматизации складской и производственной логистики и предназначен для перемещения паллет, тележек и конвейерных модулей.;Мобильные роботы;AMR;Внутрипроизводственная логистика;Внедрено 2 робота Ronavi H1500 на автосборочном заводе для межоперационной транспортировки кузовных деталей между сборочным и покрасочным цехами. В результате классическая конвейерная лента заменена на гибкий маршрут, полностью исключены простои смежных зон, а время перемещения крупногабаритных узлов сократилось на 20%.;8;4.00;Москва;Промышленность;2 700 000,00
6f3da854-41da-4363-8496-5487f37c845a;Ronavi H2000 (грузоподъемность до 2 000 кг);brs;operation;"ООО ""Ронави Роботикс""";Автономный мобильный робот. Платформа специально спроектирована для перемещения тяжелых крупногабаритных грузов массой до 2000 кг (2 тонн). В отличие от модели H1500, которая оптимизирована под классические паллетные склады, Ronavi H2000 создан для производственной логистики. Его главное назначение — автоматизация перемещений в цехах, создание гибких сборочных линий и «компенсация конвейерных разрывов» (перевозка заготовок и узлов между участками, где невозможно проложить стационарный конвейер).;Мобильные роботы;AMR;Внутрипроизводственная логистика;На предприятии автопрома реализована компенсация конвейерного разрыва на базе AMR Ronavi H2000: синхронизированы производственные процессы, уменьшено количество пилотируемой техники на участке;8;3.00;Москва;Промышленность;2 640 000,00
c9e9517c-18f0-47b4-aa05-4344566aa885;Tagarka (грузоподъемность до 6 000 кг);brs;piloting;"ООО ""Семаргл""";;Мобильные роботы;AMR;Внутрипроизводственная логистика;Внедрен флот транспортных роботов «Сёмабот» на собственном заводе промышленных роботов компании «Семаргл» для межоперационной доставки компонентов ;8;3.00;Санкт-Петербург;Промышленность;8 000 000,00
3f2a1265-3c35-4823-9d20-1978c86e424b;Tagarka (грузоподъемность до 35 000 кг);brs;piloting;"ООО ""Семаргл""";;Мобильные роботы;;Внутрипроизводственная логистика;Грузовые роверы TAGARKA успешно работают в авиастроительной промышленности;8;3.00;Санкт-Петербург;Промышленность;5 000 000,00
0265d700-534e-417e-8fde-47de88fc3ebb;Робот для транспортировки деталей и инструментов;brs;rnd;"АО ""ОДК-СТАР""";;Мобильные роботы;Роботизированная тележка;Внутрипроизводственная логистика;Разработан робот для транспортировки деталей и инструментов в ОДК-СТАР, устройство необходимо испытать на реальном производстве для принятия решения о серийном запуске.;5;2.00;Пермский край;Промышленность;7 500 000,00
d55f507b-b3f2-4666-b3f4-dd3d48813e9d;ARIPIX А1;brs;operation;"ООО ""Арипикс Роботикс""";Серийный универсальный российский промышленный робот-манипулятор с искусственным интеллектом. Устройство спроектировано специального для автоматизации тяжелых, опасных и монотонных циклических операций класса Pick and Place (взять и положить) на малых, средних и крупных фабриках и заводах.;Роботы-манипуляторы;Робот-укладчик;Укладка заготовок;Внедрен робот ARIPIX А1 на линию укладки заготовок (HAAS) в «Гидроэл инжиниринг». В результате ручной труд снижен на 50%, производительность выросла на 40%.;9;2.00;Москва;Промышленность;2 000 000,00
22b5ba99-bc4f-46a7-9a9b-e4475ecd9fc7;Роботизированный комплекс по укладке заготовок;brs;operation;"ООО ""Битроботикс""";Высокоскоростные промышленные системы на базе дельта-роботов собственной разработки, созданные для автоматической укладки, сортировки, отбраковки и упаковки заготовок и готовой продукции.;Роботы-манипуляторы;Робот-укладчик;Укладка заготовок;Внедрен роботизированный комплекс на производстве основ для пицц компании «Вкусилия».;8;2.00;Москва;Промышленность;12 000 000,00
937da5de-b4a1-4a88-ac6d-a97206bdbe98;Робот-паук;brs;operation;"ООО ""Атоммаш""";;Мобильные роботы;Робот-паук;Мониторинг состояния инфраструктуры;Завод в Волгодонске запустил роботизированный комплекс для ультразвукового контроля сварных швов реакторов («робот-паук»), ускоряющий процесс проверки в три раза.;7;4.00;Пензенская область;Промышленность;2 000 000,00
7dcb35ee-d630-408a-a3d7-54797ac162db;Яша;brs;piloting;"ООО ""Свеза-Лес""";;Стационарные роботизированные системы;Робот-сортировщик;Сортировка грузов на производстве;На комбинате лесопромышленной группы «Свеза» начал работу робот-сортировщик Яша для автоматизации сортировки фанерных листов весом до 80 кг.;7;4.00;Санкт-Петербург;Промышленность;2 000 000,00
c9c11d90-43b8-450f-b778-65d4f02db031;Робот-лаборант;brs;rnd;"ПАО ""Газпром Нефть""";;Роботы-манипуляторы;;Автоматизированный лабораторный анализ пластовых вод;На Восточно-Мессояхском нефтепромысле робот-лаборант получил обновление ПО для определения шестикомпонентного ионного состава пластовой воды.;7;2.00;Санкт-Петербург;Промышленность;2 000 000,00
0073d0bb-54cd-40f0-897b-75b22d3e9f8c;Легат Патрол;brs;operation;"ООО ""Дронсхаб""";Автономный колесный робот-эколог и обходчик, разработанный столичной компанией «Дронсхаб групп» (Droneshub). Устройство представляет собой многофункциональную всепогодную платформу для химической разведки, онлайн-мониторинга качества воздуха и охраны промышленных объектов.;Мобильные роботы;Робот-ровер;Мониторинг;"В Москве представлен новый робот-патрульный «Легат Патрол», предназначенный для контроля качества воздуха на промышленных объектах.
Экологический мониторинг на промышленных объектах";6;3.00;Москва;Промышленность;4 500 000,00
6c0df6e9-ea39-40d2-93af-7aec13d629c7;Геоскан 401;bas;operation;"ООО ""Геоскан""";;;;Мониторинг и контроль внутренних водных объектов для выявления незаконного вылова рыбы;БАС применяется для мониторинговых задач;9;4.00;Санкт-Петербург;Сельское хозяйство;4 000 000,00
8dbe4684-18ef-49f7-bced-95969703a49a;Supercam X4E;bas;operation;"ООО ""Финко""";Профессиональный беспилотный летательный аппарат (БПЛА) мультироторного типа, разработанный группой компаний Беспилотные системы, который предназначен для высокоточного мониторинга, геодезии и картографирования в любое время суток.;;;Мониторинг и контроль внутренних водных объектов для выявления незаконного вылова рыбы;БАС применяется для мониторинговых задач;8;4.00;Удмуртская Республика;Сельское хозяйство;5 038 000,00
6d9890b0-d95a-4bae-8947-0a09d23c30e5;Supercam Х6М2;bas;rnd;"ООО ""Финко""";;;;Мониторинг и контроль внутренних водных объектов для выявления незаконного вылова рыбы;БАС применяется для мониторинговых задач;7;4.00;Удмуртская Республика;Сельское хозяйство;5 500 000,00
93ad5785-a2bb-47a2-b611-1b9b857cea48;ДИАМ 20К;bas;operation;"АО ГК ""Икар""";;;;Мониторинг и контроль внутренних водных объектов для выявления незаконного вылова рыбы;БАС применяется для мониторинговых задач;7;4.00;Москва;Сельское хозяйство;13 000 000,00
f1c8478c-86c2-4381-96db-08e0ae889b41;Геоскан 701;bas;operation;"ООО ""Геоскан""";Комплекс для аэрофотосъемки максимальной производительности.;;;Мониторинг и контроль внутренних водных объектов для выявления незаконного вылова рыбы;БАС применяется для мониторинговых задач;7;5.00;Санкт-Петербург;Сельское хозяйство;13 000 000,00
3d8ff7d4-19fb-4a21-bc4a-15fb13ad3393;Геоскан 201;bas;operation;"ООО ""Геоскан""";Беспилотный авиационный комплекс (БАС) самолетного типа («летающее крыло»). Он спроектирован для высокоточной аэрофотосъемки, 3D-моделирования и мониторинга обширных территорий или линейно-протяженных объектов (ЛЭП, трубопроводов, дорог). Это один из самых массовых и востребованных промышленных дронов в России.;;Самолет;Мониторинг состояния посевов и полей;Комплекс «Геоскан 201» внедрен «Агрофирмой АНК» в Амурской области с 2022 года для всестороннего обследования сельскохозяйственных полей.;9;4.00;Санкт-Петербург;Сельское хозяйство;3 200 000,00
19283c8d-abfd-41a4-a4dd-846392728ea9;Геоскан 201 Агро;bas;operation;"ООО ""Геоскан""";;;;Мониторинг и анализ состояния посевов и полей;БАС применяется для мониторинговых задач;9;4.00;Санкт-Петербург;Сельское хозяйство;6 422 000,00
79b43d24-a12d-4852-a1b2-db6090f3c824;Кати;brs;operation;"ООО ""Агробит""";;Стационарные роботизированные системы;Конвейер автоматизированной вакцинации;Птицеводство;Внедрена робототехника для скоростной вакцинации птицы.;8;2.00;Москва;Сельское хозяйство;7 500 000,00
f381872e-d6aa-43b6-be2a-ba36cc9eb90a;Колесный робот;brs;rnd;"ООО ""Агробит""";;Мобильные роботы;Колесный робот;Птицеводство;Разработан робот для птицеводства, обеспечивающий автоматическое распознавание и сбор павшей птицы и напольного яйца.;7;2.00;Москва;Сельское хозяйство;3 500 000,00
aa8e3b27-df64-4a6a-9248-b1eedb41dd4e;Волшебник;brs;operation;"ООО ""Промтехника-Приволжье""";;Стационарные роботизированные системы;Роботизированная доильная установка;Сбор молока;Наращено серийное производство роботов с 2022 года с мощностью завода от 8 единиц в месяц. С 2025 года начаты поставки в Беларусь.;9;4.00;Нижегородская область;Сельское хозяйство;12 000 000,00
6a8c6254-6885-42bd-afb7-b3b4095fb972;Роботизированный автономный минитрактор CP;brs;piloting;"АО ""Когнитив Пилот""";Первый в мире многоцелевой полностью беспилотный и бескабинный минитрактор на базе искусственного интеллекта, разработанный и серийно выпускаемый российской компанией Cognitive Pilot на собственной фабрике в Томске. Робот создан как универсальная независимая платформа для круглосуточной автоматизации процессов в сельском хозяйстве, сфере ЖКХ, аэропортах и промышленной логистике.;Автономные наземные транспортные средства;Беспилотный трактор;Вспашка;Запущен пилотный этап проекта с парком из 70–80 автономных тракторов в Амурской области для обработки до 15 тысяч гектаров полей.;7;3.00;Москва;Сельское хозяйство;4 000 000,00
c8331668-727b-4b5f-a39f-bff2248beb5e;85ТК;brs;piloting;"ООО ""Завод Агромаш""";Универсальный колесный трактор. Автономная версия оснащена системой, позволяющей технике работать без водителя в кабине: маршрут задается через планшет, а оператор с земли или из удаленного центра концентрируется только на управлении навесным оборудованием.;Автономные наземные транспортные средства;Беспилотный трактор;Вспашка;Минтранс России сообщил об успешном завершении испытаний нового беспилотного трактора «Агромаш 85ТК», подтвердившего свои технические характеристики.;7;4.00;Чувашская Республика;Сельское хозяйство;12 000 000,00
9186592a-aa17-47a3-b1bb-1477d71cf28d;Агробот;brs;piloting;"ООО ""Аврора Роботикс""";;Автономные наземные транспортные средства;Агробот;Вспашка;В Рязанской области проведены полевые испытания беспилотного трактора «АгроБот».;7;2.00;Рязанская область;Сельское хозяйство;3 500 000,00
3d96dcc2-134a-4f9c-85d1-51963038edab;Роботизированный трактор с гибридной силовой установкой;brs;rnd;Донской государственный технический университет (ДГТУ);;Автономные наземные транспортные средства;;Вспашка;На территории учебно-опытного полигона Донского государственного технического университета успешно прошли полевые испытания универсального беспилотного трактора «Донтех». Эта инновационная разработка создана в рамках программы стратегического академического лидерства «Приоритет 2030» и федерального проекта «Передовые инженерные школы» в сотрудничестве с компанией Ростсельмаш и Московским политехническим университетом;7;4.00;Ростовская область;Сельское хозяйство;8 000 000,00
bd7a808d-3f50-4bd0-93e9-87e9646cfb26;MARK A (Agro);brs;piloting;"ООО ""Электромотив""";Агроробот-сборщик яблок, созданный при поддержке университета «Сириус».;Мобильные манипуляторы;Робот для сбора плодов;Сбор урожая;ООО «Электромотив» завершила полевые испытания робота-сборщика в Совхозе им. Ленина. Время сбора яблок составило не более 8-ми секунд.;7;4.00;Москва;Сельское хозяйство;3 500 000,00
3a18c8b1-ac3d-4a67-a814-b96ef4e58388;Роботизированная платформа для выборочного сбора плодов;brs;piloting;Финансовый Университет;;Автономные наземные транспортные средства;Робот для сбора плодов;Сбор урожая;Проведено успешное тестирование прототипа агробота с точностью обнаружения плодов свыше 97%, подтверждена готовность к полевым испытаниям.;6;3.00;Москва;Сельское хозяйство;2 500 000,00
3ab89426-fb2c-4f49-b7f9-36fc34a3c98f;Кировец Агробот;brs;rnd;"АО ""Петербургский Тракторный Завод""";;Автономные наземные транспортные средства;Беспилотный трактор;Сбор урожая;Анонсирован выпуск полностью беспилотных тракторов «Петербургским тракторным заводом» в опытно-промышленную эксплуатацию к 2030 году.;6;3.00;Санкт-Петербург;Сельское хозяйство;20 000 000,00
74469f3b-8248-46ce-bcd4-34cd8731921c;Интеллектуальный робот-манипулятор для автоматического сбора томатов;brs;rnd;Новосибирский Государственный Университет;;Роботы-манипуляторы;Робот для сбора плодов;Сбор урожая;Новосибирский госуниверситет разработал робота-манипулятора с компьютерным зрением для автоматического сбора томатов в теплицах.;5;2.00;Новосибирская область;Сельское хозяйство;2 500 000,00
4469b185-99a3-4ba0-a95a-d5dd6946303a;Система автоматизированного сбора ягод с использованием группы мобильных роботов;brs;rnd;"ФГАОУ ВО ""ПНИПУ""";;Другое;Робот для сбора плодов;Сбор урожая;Ученые разработали систему из трех типов роботов для автоматизации сбора ягод: разведчики с компьютерным зрением, манипуляторы-сборщики и транспортные агенты.;4;2.00;Пермский край;Сельское хозяйство;2 500 000,00
98ceb2a0-f777-48ef-9863-3f9a80f8a237;COGNITIVE AGRO PILOT для трактора с ИИ;software;piloting;"АО ""Когнитив Пилот""";Система автономного управления сельхозтехникой на базе искусственного интеллекта (совместная разработка Сбера и Cognitive Technologies). Она объединяет компьютерное зрение и спутниковую навигацию, позволяя тракторам работать без участия человека с точностью до 1 см.;ПО БРС;Робот для анализа сельхозземель;Внесение веществ на поля;Cognitive Pilot разработала робота с ИИ для экспресс-анализа сельхозземель, который за 12 часов выдает результаты по 100 параметрам почвы, что позволило экономить удобрения до 25%.;6;4.00;Москва;Сельское хозяйство;1 250 000,00
cbaf82f3-3cf4-4ac8-9b8f-eddfdeb337ce;А-50;bas;operation;"ООО ""Аэромакс""";;;Мультиротор;Внесение веществ на поля, Мониторинг и анализ состояния посевов и полей;Агродрон регулярно проводит мониторинг на полях в Калининграде;8;3.00;Москва;Сельское хозяйство;5 500 000,00
1aaa2bd1-c536-41e1-80f0-0f81ab1455b5;ИРБИС;brs;piloting;"ООО ""Прикладная Робототехника""";"«Ирбис» — это мобильная платформа высокой проходимости на базе гусеничного шасси с амортизирующей подвеской. Она способна перевозить до 300 кг полезной нагрузки. Скорость передвижения 18 км/ч.
Ключевая особенность комплекса — автономная работа без участия оператора и сигналов спутниковой навигации (GNSS). Это достигается за счёт системы технического зрения, которая в режиме реального времени обрабатывает данные с камер. 
";Мобильные роботы;Мобильный робототехнический комплекс высокой проходимости;Мониторинг и анализ состояния посевов и полей;Российские технические и аграрные университеты проводят тестирования автономных систем (включая лаборатории робототехники профильных вузов, таких как МТУСИ, Московский Политех, региональные аграрные институты).;7;3.00;Москва;Сельское хозяйство;7 500 000,00
bec9e863-0c3d-44cc-a656-766a323a9746;Внутритрубные роботизированные системы Тьюбот;brs;operation;"ООО ""Тьюбот""";Роботы TUBOT созданы для сегмента unpiggable — сложных, разветвленных заводских и городских сетей, которые раньше приходилось проверять только снаружи (что требовало раскопок или демонтажа). Робот передвигается внутри пустых или заполненных сред за счет собственного автономного тягового модуля.;Мобильные роботы;Внутритрубные роботизированные системы;Внутритрубная диагностика;Проводились испытания в водоканале в Москве, где робот Tubot успешно проинспектировал действующий коллектор без остановки стоков и спуска персонала. В результате была подтверждена возможность автономной диагностики труб диаметром от 800 мм в условиях реальной городской инфраструктуры;9;4.00;Москва;ЖКХ;3 500 000,00
08ff32f6-6023-4b20-b528-322678f43910;Серия Sigma (100D, 150, 200, 250А);brs;operation;"ООО ""Тарис""";;Мобильные роботы;Внутритрубные роботизированные системы;Внутритрубная диагностика;Применен плавучий модуль W-350 с автономным роботом Taris в Благовещенске для телеинспекции ливневой канализации диаметром от 150 до 3000 мм.;9;4.00;Московская область;ЖКХ;3 000 000,00
807309a0-adcf-46ae-a3ea-bd211588c856;Роботизированный диагностический комплекс;brs;operation;"АО ""Диаконт""";;Мобильные роботы;Роботы для диагностики теплосетей;Внутритрубная диагностика;Завершена внутритрубная диагностика с помощью роботов тепломагистралей протяженностью 18,3 км перед отопительным сезоном. Предотвращены технологические нарушения на 54 участках.;9;4.00;Санкт-Петербург;ЖКХ;8 000 000,00
32bea36f-5198-4f16-a167-2e47acd63bd9;Внутренняя диагностика труб ЖКХ;brs;operation;"ООО ""Юникон""";;Мобильные роботы;Роботизированная теплоинспекция трубопроводов;Внутритрубная диагностика;Впервые проведено обследование тепловых сетей в городе Орел с применением метода внутритрубной диагностики на основе акустического резонанса.;9;3.00;Москва;ЖКХ;2 700 000,00
f0e502e3-5771-4464-a1df-97110801c7c3;Беспилотный бульдозер;brs;operation;"ООО ""ДСТ-УРАЛ""";;Автономные наземные транспортные средства;Беспилотный бульдозер;Ремонт дорожного покрытия;Челябинский тракторный завод (ДСТ-УРАЛ) впервые применил беспилотные бульдозер, самосвал и экскаватор при реконструкции федеральной трассы М-5.;9;2.00;Челябинская область;ЖКХ;8 600 000,00
ba5d2051-3036-439f-8b2e-e05e26581fe6;БРО 2.1;brs;operation;"АО ""168Роботикс""";Автономный уличный робот-пылесос, разработанный компанией 168robotics. Он создан для автоматизированной вакуумной уборки тротуаров, парковых зон, дворов и промышленных территорий.;Мобильные роботы;Робот-уборщик;Уборка улиц;Проведена апробация робота БРО 2.1 в парковой зоне загородного отеля для патрулирования и деликатной очистки территории, включая участки со сложным рельефом.;8;4.00;Москва;ЖКХ;15 000 000,00
ef375ca1-8de1-4a8d-9262-c1a6b71f0333;БРО 3.0;brs;rnd;"АО ""168Роботикс""";Универсальная многофункциональная роботизированная платформа. В отличие от узкоспециализированной версии БРО 2.1, модель 3.0 способна решать задачи круглогодично благодаря системе сменных навесных модулей.;Мобильные роботы;Робот-уборщик;Уборка улиц;Проведены испытания робота БРО 3.0 на площадке Московского инновационного кластера (ВДНХ), включавшие ночные миссии и уборку поверхностей с повышенной влажностью.;7;4.00;Москва;ЖКХ;15 000 000,00
2f46660e-ea20-4845-9620-8c743b03225b;Пиксель;brs;rnd;"ООО ""Автономика""";Автономный беспилотный робот-уборщик. Робот представляет собой универсальную электрическую модульную платформу, созданную для круглогодичной уборки парков, дворов, пешеходных зон и тротуаров;Мобильные роботы;Робот-уборщик;Уборка улиц;Завершена интеграция 30 роботов «Пиксель» в инфраструктуру пяти парков Москвы для уборки территорий. В результате проект вышел в стадию промышленной эксплуатации.;7;4.00;Москва;ЖКХ;15 600 000,00
d4b39362-518a-4cf2-8770-b69bc03585a0;Веном Саранча;brs;piloting;"ООО ""Робком""";;Мобильные роботы;Робот уборщик;Уборка улиц;Протестирован роботизированный комплекс «Саранча» для борьбы с дикорастущими растениями и поддержания городской среды.;7;3.00;Новосибирская область;ЖКХ;3 000 000,00
5cecfb84-143b-4af7-89fb-afbf57403792;МАРК;brs;piloting;"ООО ""Виафор""";;Мобильные роботы;Робот уборщик;Уборка улиц;Проведены полевые испытания роботизированного комплекса «МАРК» с уровнем локализации более 90% в Геленджике для уборки парков, тротуаров и парковок.;7;3.00;Краснодарский край;ЖКХ;4 500 000,00
0b9f76be-8213-4938-9661-2bb669dc3d33;Депеша-3;brs;piloting;АО «НПO «Высoкoтoчные кoмплексы»;;Мобильные роботы;Робот-уборщик;Уборка улиц;"Новые модификации наземного робототехнического комплекса ""Депеша-3"" впервые представлены на форуме ""Инженеры будущего"" холдингом ""Высокоточные комплексы"" госкорпорации ""Ростех"".  Робот способен убирать снег, а так же в перспективе иметь различное навесное оборудование для различных типов задач";7;3.00;Москва;ЖКХ;5 000 000,00
1625ac11-76d0-4994-a86a-e0a540453984;Astramis SurfexUnit;brs;rnd;"АО ""Астрамис""";Автоматизированный робот на гусеничном ходу, специально разработанный для глубокой очистки, сбора мусора и дезинфекции.;Мобильные роботы;Робот-уборщик;Уборка улиц;Производителем протестирован робот, предназначенный для сухой уборки складов, заводов и логистических центров. Срок окупаемости робота составляет менее года.;5;3.00;Москва;ЖКХ;3 000 000,00
94795e84-261d-456f-a58c-66b3e79a8213;Беспилотный каток;brs;piloting;"АО ""Раскат""";;Автономные наземные транспортные средства;Беспилотный каток;Дорожные работы;Созданы первые в России автоматизированные катки на базе RV-7DD и RV-11DD и автономный асфальтоукладчик «Десна 2100» для дорожного строительства.;8;4.00;Ярославская область;ЖКХ;12 000 000,00
f2b0dca0-0e77-454d-8d41-d6198a2a82b8;Беспилотный асфальтоукладчик;brs;piloting;"ООО ""НПО ГКМП""";;Автономные наземные транспортные средства;Беспилотный асфальтоукладчик;Дорожные работы;Разработан роботизированный асфальтоукладчик для полностью автономного распределения смеси по заданной траектории с точностью до 2 см.;8;3.00;Брянская область;ЖКХ;12 000 000,00
9a941386-07e2-4350-ae35-f0d37a1d9f3f;Атлант;bas;piloting;"ООО ""Кингпро""";Беспилотный летательный аппарат, предназначенный для проведения работ по мойке фасадов и стеклопакетов высотных зданий и сооружений;;;Мойка фасадов;БАС предназначен для мойки фасадов и стеклопакетов высотных зданий и сооружений;7;3.00;Москва;ЖКХ;5 000 000,00
9f06ff5b-0ed4-42e4-9795-b2cf3ac55fbb;Марк;bas;piloting;"ООО ""Кингпро""";Беспилотный летательный аппарат, предназначенный для проведения работ по мойке фасадов и стеклопакетов высотных зданий и сооружений;;;Мойка фасадов;БАС предназначен для мойки фасадов и стеклопакетов высотных зданий и сооружений;7;3.00;Москва;ЖКХ;4 000 000,00
7ad0ceb9-6ea8-4862-9e52-8b352a8b3dda;Сибирячок;bas;operation;"ООО ""ЭВР""";Мониторинг;;;Мониторинг теплотрасс;БАС применяется для мониторинговых задач;9;4.00;Москва;ЖКХ;3 500 000,00
018cc2dd-3dfe-4bd2-aac6-f54cbebd783e;Морской скорпион;brs;piloting;"ФГАОУ ВО ""Севастопольский Государственный Университет""";;Морские роботы;Беспилотный сервисный катамаран;Проведение работ на воде;Внедрено 2 аппарата для уборки мусора в Балаклавской бухте Севастополя. За 4-х часовую рабочую смену один беспилотник может собрать порядка 2 куб. м плавающего пластика, бумаги и древесины.;7;3.00;Севастополь;ЖКХ;4 000 000,00
a51bb921-1931-474f-974e-7c37f9fd9aa0;Astramis AeroUnit;bas;rnd;"АО ""Астрамис""";Беспилотная роботизированная система Astramis, разработанная для автоматизированной мойки окон и очистки фасадов высотных зданий.;Другое;Привязной робот на базе октокоптера;Мойка окон;Запланировано тестирование роботизированной техники на базе ЛИК ФЦ БАС.;6;5.00;Москва;ЖКХ;5 000 000,00
f1c8478c-86c2-4381-96db-08e0ae889b41;Геоскан 701;bas;operation;"ООО ""Геоскан""";Комплекс для аэрофотосъемки максимальной производительности.;;;Мониторинг теплотрасс;БАС применяется для мониторинговых задач;7;5.00;Санкт-Петербург;Строительство;13 000 000,00
6c0df6e9-ea39-40d2-93af-7aec13d629c7;Геоскан 401;bas;operation;"ООО ""Геоскан""";;;;Контроль использования земельных участков;БАС применяется для мониторинговых задач;9;4.00;Санкт-Петербург;Строительство;4 000 000,00
33fca97e-ef4f-459d-a773-ab58b7f84fd5;Геоскан 401 Геодезия;bas;operation;"ООО ""Геоскан""";;;;Поиск дефектов зданий и сооружений при помощи ИИ, Мониторинг теплотрасс, Контроль карьеров и земляных работ с использованием фотограмметрии, Мониторинг состояния полигонов ТБО на предмет соответствия нормативным требованиям;БАС применяется для мониторинговых задач;9;4.00;Санкт-Петербург;Строительство;3 965 000,00
845b14b5-e469-4676-a3f3-39725fc6354e;Геоскан 401 Лидар;bas;operation;"ООО ""Геоскан""";;;;Предпроектные изыскания с использованием фотограмметрии и воздушного лазерного сканирования;БАС применяется для мониторинговых задач;9;4.00;Санкт-Петербург;Строительство;4 650 000,00
b639b73b-9c1e-4eec-af6f-9662e1d1d171;Альбатрос М5;bas;operation;"ООО ""Альбатрос""";;;;Мониторинг теплотрасс;БАС применяется для мониторинговых задач;9;4.00;Республика Татарстан;Строительство;7 000 000,00
8dbe4684-18ef-49f7-bced-95969703a49a;Supercam X4E;bas;operation;"ООО ""Финко""";Профессиональный беспилотный летательный аппарат (БПЛА) мультироторного типа, разработанный группой компаний Беспилотные системы, который предназначен для высокоточного мониторинга, геодезии и картографирования в любое время суток.;;;Мониторинг теплотрасс, Поиск дефектов зданий и сооружений при помощи ИИ, Предпроектные изыскания с использованием фотограмметрии и воздушного лазерного сканирования, Выполнение контрольных мероприятий на этапе строительно-монтажных работ с использованием фотограмметрии, воздушного лазерного сканирования и тепловизионной съемки;БАС применяется для мониторинговых задач;8;4.00;Удмуртская Республика;Строительство;5 038 000,00
c293732e-214e-4473-93fd-15db477db3af;Геоскан Gemini;bas;operation;"ООО ""Геоскан""";;;;Контроль использования земельных участков;БАС применяется для мониторинговых задач;9;4.00;Санкт-Петербург;Строительство;1 795 000,00
ccb79192-b9e8-418d-b7bd-eb26c78ee461;Легионер Е29;bas;operation;"ООО ""ГК Тихие Крылья""";Беспилотное воздушное судно самолётного типа вертикального взлета и посадки с электрическим маршевым двигателем, предназначенное для аэрофотосъемки и воздушного лазерного сканирования, авиамониторинга и решению логистических задач.;;;Контроль использования земельных участков;БАС применяется для мониторинговых задач;9;4.00;Санкт-Петербург;Строительство;8 500 000,00
a3b4c902-9e1b-454b-a2bf-01c6d0e98bdb;АМТ S300;brs;operation;"ООО ""АМТ""";Промышленное оборудование, предназначенное для трехмерной строительной печати (3DCP) элементов зданий, малых архитектурных форм и полноценных жилых домов высотой до 2–4 этажей непосредственно на фундаменте.;Стационарные роботизированные системы;Роботизированный 3D принтер;Возведение объектов;С помощью роботизированного 3D-принтера AMT S300 был построен целый поселок в Республике Татарстан, построено 34 дома. В общей стоимости дома это примерно 8-12% экономии по сравнению с традиционными методами строительства.;9;3.00;Ярославская область;Строительство;8 920 000,00
1f82ce16-5670-4903-a4ea-bfdbbc710f20;Комплекс управления кранами ВИРСАЙН СДУ;software;operation;"ООО ""Вирсайн Инновации""";;ПО БРС;Роботизированные погрузочные краны;Возведение объектов;26 марта 2026 года на Краснопресненской набережной состоялась торжественная церемония закладки первого бетонного блока в основание Национального центра «Россия» с помощью системы дистанционного управления «Вирсайн». Старт дал Президент РФ Владимир Путин.;8;4.00;Москва;Строительство;2 000 000,00
192ce3de-958f-4bad-9440-c2b3ab56634a;МРСК;brs;operation;"ООО ""КБ-интеграл""";;Стационарные роботизированные системы;Роботизированный сварочный комплекс;Возведение объектов;Компания «КБ-интеграл» заявила, что комплекс МРСК полностью спроектирован, запрограммирован и выпускается на производственной базе компании в Москве.;8;2.00;Москва;Строительство;3 500 000,00
164329f5-2baf-47bd-86d5-adabb2fbcbc0;DH: Cloud Control;brs;operation;"ООО ""Дронсхаб""";;Стационарные роботизированные системы;Роботизированные погрузочные краны;Перемещение грузов;"Дронсхаб» автоматизировала управление кранами на «Металл Сервис»: один оператор контролирует до 8 машин в разных регионах
Специалисты компании «Дронсхаб групп» оснастили погрузочные краны тамбовского предприятия «Металл Сервис» бортовыми управляющими комплексами для автоматизации операций крановщиков.";8;4.00;Москва;Строительство;2 200 000,00
441fadd3-016a-43f9-a331-f6e757c04ce9;Cargo UNIT;brs;operation;"ООО ""Дронсхаб""";Всепогодный автономный колесный ровер-вездеход, спроектированный российской компанией «Дронсхаб групп» (Droneshub). Устройство представляет собой роботизированную электрическую платформу открытого типа, созданную для тяжелой индустриальной логистики, автоматической перевозки грузов и оборудования на заводах, стройплощадках и складских территориях.;Мобильные роботы;Робот-ровер;Перемещение грузов;"Роботизация образования: как автономные роверы Cargo UNIT обучают будущих инженеров на ВДНХ
Создана автономная роботизированная грузовая платформа грузоподъемностью до 300 кг для перевозки грузов по территории строительной площадки без участия человека-оператора.";9;4.00;Москва;Строительство;2 634 670,00
ee36ba78-6a9f-4ef8-9296-8ffa022782cd;Дефектоскоп;bas;rnd;МАИ;;БАС;БАС мультироторного типа;Поиск дефектов зданий и сооружений при помощи ИИ;Разработана методика синтетических данных в МАИ для обучения нейросети БПЛА считыванию показаний промышленных приборов в рамках умной дефектоскопии.;6;4.00;Москва;Строительство;3 500 000,00
3d8ff7d4-19fb-4a21-bc4a-15fb13ad3393;Геоскан 201;bas;operation;"ООО ""Геоскан""";Беспилотный авиационный комплекс (БАС) самолетного типа («летающее крыло»). Он спроектирован для высокоточной аэрофотосъемки, 3D-моделирования и мониторинга обширных территорий или линейно-протяженных объектов (ЛЭП, трубопроводов, дорог). Это один из самых массовых и востребованных промышленных дронов в России.;;Самолет;Предпроектные изыскания;Проведена аэрофотосъемка «Геоскан» в Якутии для предпроектных изысканий под строительство малой АЭС и горно-обогатительного комбината на месторождении Кючус.;9;4.00;Санкт-Петербург;Строительство;3 200 000,00
3c19d4d7-f1b7-4c46-8169-6c3b6b9345fb;Azarrus 1.0A;brs;operation;"ООО ""Деморобот""";Компактный демонтажный робот на аккумуляторных батареях. Он спроектирован для тяжелых работ в ограниченных пространствах и опасных для человека условиях.;Мобильные роботы;Демонтажный робот;Демонтаж объектов;Демонтажные роботы AZARRUS используются на объектах металлургической, горнодобывающей и строительной отраслей для выполнения работ в ограниченных пространствах.;8;3.00;Москва;Строительство;6 000 000,00
51505cb4-2db8-498b-a16c-421e6b816f82;Innospector;bas;operation;"АНО ВО ""Университет Иннополис""";;;Мультиротор;Мониторинг замкнутых пространств;«Норникель» внедрил дрон, не требующий GPS для навигации в шахтах.;8;5.00;Республика Татарстан;Строительство;4 200 000,00
f347978a-e6d5-473c-be89-2209a2d8c003;БВС ОМДЖЕТ -М01;bas;operation;"ООО ""Роспроект""";;;;Контроль использования земельных участков;Специалисты Краевого БТИ внедрили конвертоплан ОМДЖЕТ для высокоточной аэросъемки, заменив трудоемкие наземные обмеры при постановке объектов на кадастровый учет;9;3.00;Омская область;Строительство;2 400 000,00
7ad0ceb9-6ea8-4862-9e52-8b352a8b3dda;Сибирячок;bas;operation;"ООО ""ЭВР""";Мониторинг;;;Мониторинг;БАС применяется для мониторинговых задач;9;4.00;Москва;Строительство;3 500 000,00
c05b1315-5e53-46fe-bbc1-a5eb6a1aa6ae;Omega;bas;operation;"ООО НПП ""Авакс -Геосервис""";;;;Мониторинг;БАС OMEGA благодаря своим компактным габаритам и складной конструкции оперативно разворачивается прямо на стройплощадке. Проводя площадную высокоточную аэрофотосъемку, дрон зависает над конструкциями под разными углами.;8;4.00;Красноярский край;Строительство;3 500 000,00
f1c8478c-86c2-4381-96db-08e0ae889b41;Геоскан 701;bas;operation;"ООО ""Геоскан""";Комплекс для аэрофотосъемки максимальной производительности.;;;Регулярный мониторинг трубопроводов и детальный анализ, Регулярный мониторинг ЛЭП;БАС применяется для мониторинговых задач;7;5.00;Санкт-Петербург;ТЭК;13 000 000,00
6c0df6e9-ea39-40d2-93af-7aec13d629c7;Геоскан 401;bas;operation;"ООО ""Геоскан""";;;;Регулярный мониторинг трубопроводов и детальный анализ, Детальный анализ состояния ЛЭП, Геологический контроль (надзор);БАС применяется для мониторинговых задач;9;4.00;Санкт-Петербург;ТЭК;4 000 000,00
33fca97e-ef4f-459d-a773-ab58b7f84fd5;Геоскан 401 Геодезия;bas;operation;"ООО ""Геоскан""";;;;"Контроль состояния складов и отвалов горнодобывающих компаний 
с использованием фотограмметрии";БАС применяется для мониторинговых задач;9;4.00;Санкт-Петербург;ТЭК;3 965 000,00
3d8ff7d4-19fb-4a21-bc4a-15fb13ad3393;Геоскан 201;bas;operation;"ООО ""Геоскан""";Беспилотный авиационный комплекс (БАС) самолетного типа («летающее крыло»). Он спроектирован для высокоточной аэрофотосъемки, 3D-моделирования и мониторинга обширных территорий или линейно-протяженных объектов (ЛЭП, трубопроводов, дорог). Это один из самых массовых и востребованных промышленных дронов в России.;;Самолет;Регулярный мониторинг трубопроводов и детальный анализ;БАС применяется для мониторинговых задач;9;4.00;Санкт-Петербург;ТЭК;3 200 000,00
4d5900ff-77ef-4536-8077-7f18bc242a53;Supercam X4;bas;operation;"ООО ""Финко""";;;;Регулярный мониторинг трубопроводов и детальный анализ, Детальный анализ состояния ЛЭП;БАС применяется для мониторинговых задач;9;4.00;Удмуртская Республика;ТЭК;3 137 600,00
8dbe4684-18ef-49f7-bced-95969703a49a;Supercam X4E;bas;operation;"ООО ""Финко""";Профессиональный беспилотный летательный аппарат (БПЛА) мультироторного типа, разработанный группой компаний Беспилотные системы, который предназначен для высокоточного мониторинга, геодезии и картографирования в любое время суток.;;;Геологический контроль (надзор);БАС применяется для мониторинговых задач;8;4.00;Удмуртская Республика;ТЭК;5 038 000,00
93ad5785-a2bb-47a2-b611-1b9b857cea48;ДИАМ 20К;bas;operation;"АО ГК ""Икар""";;;;Геологический контроль (надзор);БАС применяется для мониторинговых задач;7;4.00;Москва;ТЭК;13 000 000,00
5778fa74-615d-4f5e-8660-70d0d7ee4b88;MARTin;brs;operation;"ООО ""Миррико""";Мобильный автономный роботизированный комплекс. Предназначен для бесконтактной (дистанционной) зачистки резервуаров (РВС) от донных нефтешламов и очистки нефтепромыслового оборудования. Использование робота позволяет полностью исключить присутствие человека внутри опасной емкости и автоматизировать процесс.;Мобильные роботы;Внутритрубные роботизированные системы;Внутритрубная диагностика, очистка и ремонт труб;Успешно применен роботизированный метод стриппинга нефтехимического оборудования на Вынгапуровском месторождении («Газпром-нефть-Ноябрьскнефтегаз»).;9;3.00;Москва;ТЭК;2 500 000,00
bec9e863-0c3d-44cc-a656-766a323a9746;Внутритрубные роботизированные системы Тьюбот;brs;operation;"ООО ""Тьюбот""";Роботы TUBOT созданы для сегмента unpiggable — сложных, разветвленных заводских и городских сетей, которые раньше приходилось проверять только снаружи (что требовало раскопок или демонтажа). Робот передвигается внутри пустых или заполненных сред за счет собственного автономного тягового модуля.;Мобильные роботы;Внутритрубные роботизированные системы;Внутритрубная диагностика, очистка и ремонт труб;Применены роботы для внутритрубной диагностики на нефтегазовом месторождении в ЯНАО.;9;4.00;Москва;ТЭК;3 500 000,00
8ab1ea05-1c09-4f71-88a4-fffb0b725d6b;Херсонес;brs;piloting;"ФГАОУ ВО ""Севастопольский Государственный Университет""";;Морские роботы;ТНПА;Проведение подводных работ и мониторинга;Испытанный при разливе мазута аппарат из Севастополя предложили применять в газовой сфере.;7;3.00;Севастополь;ТЭК;5 000 000,00
45487628-a2c6-421f-9ea4-761b6c3be240;МК;brs;piloting;"ФГАОУ ВО ""Севастопольский Государственный Университет""";;Морские роботы;Модульная надводная многофункциональная платформа;Проведение подводных работ и мониторинга;Модульная надводная многофункциональная платформа применяется для мониторинговых задач;7;3.00;Севастополь;ТЭК;5 000 000,00
60023f03-3a54-4d12-a1d7-6a00f8a353be;БЭК-Р;brs;rnd;"ФГАОУ ВО ""Севастопольский Государственный Университет""";;Морские роботы;Многофункциональный бэзэкипажный катер;Проведение подводных работ и мониторинга, Доставка грузов;Безэкипажный катер предназначен для мониторинга, патрулирования, доставки полезной нагрузки массой до 350 кг в речных и морских акваториях;6;3.00;Севастополь;ТЭК;5 000 000,00
3416f6ec-ccf2-457f-b076-fa9d09648e33;"БЭК ""Сивуч""";brs;rnd;"АНО ""Техносфера""";"Осадка - 0.3 метра
Удаленное управление спуском и подъёмом двигателя
Удаленное управление спуском и подъёмом штанги МЛЭ
Радиус эксплуатации - в телеуправляемом режиме 5-15 км (зависит от высоты базовой станции и метеоусловий) в автономном режимеограничен запасом хода.";Морские роботы;;Мониторинг трубопроводов;Безэкипажный катер для доставки грузов грузоподъемностью 750 кг совершил переход из Тараная до мыса Анастасия на Сахалине. В результате были подтверждены надежность и эффективность аппарата.;7;;Сахалинская область;ТЭК;5 000 000,00
cd5058fb-f2d3-4bd2-8213-5e708d1cef3b;РБ-100;brs;piloting;"ООО ""Ровбилдер""";"Стартовая модель линейки – подводный аппарат РБ-100. При максимально возможной глубине в 100 метров не рекомендуем использовать ее в реальных условиях на глубинах свыше 30-50 метров и течении более 0.5 м/с.
Область применения подводного аппарата РБ-100 — это работы, выполняемые: 
водолазными компаниями,
рыбными хозяйствами,
дайвинг-центрами,
рыбаками и яхтсменами, также
осмотр гидросооружений и т. д";Морские роботы;;Проведение подводных работ и мониторинга;Подводный аппарат РБ-100 применяется для смотровых, поисковых работ, а также для выполнения водолазных задач на глубине до 100 метров;7;3.00; Калужская обл;ТЭК;5 000 000,00
e0a7a647-8cdf-471a-bf6f-dff6ec9cec7d;РБ-150;brs;piloting;"ООО ""Ровбилдер""";Аппарат оснащается боковым движителем. Что упрощяет и ускоряет ряд осмотровых работ. Также в базовой комплектации уже 150метров на надежной катушке из нержавеющей стали.   При максимальной возможной глубине в 100 метров мы не рекомендуем использовать его в реальных условиях на глубинах свыше 30-50 метров и течении более 0.5 м/с. Подойдет для осмотров причальных стенок, пирсов и корпусов судов. Будет полезен для поддержки водолазных спусков. Высококачественная широкоуг;Морские роботы;;Проведение подводных работ и мониторинга;Подводный аппарат РБ-150 применяется для смотровых, поисковых работ, а также для выполнения водолазных задач на глубине до 100 метров и дальностью до 150 метров;7;3.00; Калужская обл;ТЭК;5 000 000,00
5e346a9f-abe8-4aad-a2c2-87ba696942e8;РБ-300;brs;piloting;"ООО ""Ровбилдер""";РБ-300. В отличии от РБ-100 и РБ-150 аппарат имеет более длинную базу. Вкупе с более мощными движками это упрощает управляемость аппарата. Два вертикальных движка позволяют себя чувствовать более уверенно на глубинах уже 70-100 метров (при максимальной глубине в 200 метров). Также в базовой комплектации уже 220метров кабеля на надежной катушке из нержавеющей стали.  На максимальной глубине ( 200 метров) возможно использовать аппарат в простых условиях пресных водоемов.;Морские роботы;;Проведение подводных работ и мониторинга;Подводный аппарат РБ-300 применяется для смотровых, поисковых работ, а также для выполнения водолазных задач на глубине до 200 метров;7;3.00; Калужская обл;ТЭК;5 000 000,00
dc9e8ee5-17bf-422d-a621-daa8876e385c;РБ-600;brs;piloting;"ООО ""Ровбилдер""";РБ-600. Аппарат выпускается более 15 ти лет и за это время пережил три рейсталинга. Нынешнюю реинкарнацию от прежних отличает значительно увеличенная мощность, много качественного света и конечно все возможности цифрового аппарата. Богатая базовая комплектация. Максимальная глубина 300метров…уверенно работает в морских условиях до глубин 200-250 метров. Может работать на течениях. Вес голого носителя 28кг — еще возможно опускать — поднимать с судна без специальных приспособлений.;Морские роботы;;Проведение подводных работ и мониторинга;Подводный аппарат РБ-600 применяется для смотровых, поисковых работ, а также для выполнения водолазных задач на глубине до 300 метров;7;3.00; Калужская обл;ТЭК;8 500 000,00
aa6c4a0f-08d6-4e18-aae3-cb3856324c9c;РБ-Мираж 1000;brs;piloting;"ООО ""Ровбилдер""";Подводный аппарат РБ-Мираж 1000 – профессиональная модель для работ на  глубинах до 1000 метров с течением до 2м/c.;Морские роботы;;Проведение подводных работ и мониторинга;Подводный аппарат РБ-Мираж 1000 применяется для смотровых, поисковых работ, а также для выполнения водолазных задач на глубине до 1000 метров;7;3.00; Калужская обл;ТЭК;9 500 000,00
4051cac7-0e4b-408e-b9c0-71fb93471ff7;ТНПА «ГНОМ Про Вектор»;brs;piloting;"ООО ""Подводная робототехника""";Новая линия мощных аппаратов ГНОМ. Подводный робот оснащен 4-мя маршевыми движителями, расположенными векторно и 2-мя вертикальными движителями.;Морские роботы;;Проведение подводных работ и мониторинга;ТНПА с максимальной глубиной погружения до 300 метров применяется для инспекции прибрежных вод, обследования гидротехнических сооружений, трубопроводов и кабельных линий;7;3.00;Москва;ТЭК;5 700 000,00
0a2e93bc-ebd4-4f0e-a4f5-c6097fe7a9b1;ТНПА «ГНОМ Про»;brs;piloting;"ООО ""Подводная робототехника""";"Флагманская модель серии ГНОМ для профессионалов с широким набором дополнительного оборудования.

ТНПА предназначен для проведения подводных осмотровых и обследовательских работ в прибрежных морских и внутренних водах, а также при осмотре внутренних полостей водонаполненных резервуаров и гидротехнических сооружений.";Морские роботы;;Проведение подводных работ и мониторинга;ТНПА с максимальной глубиной погружения до 150 метров применяется для инспекции прибрежных вод, обследования гидротехнических сооружений, трубопроводов и кабельных линий;7;3.00;Москва;ТЭК;4 800 000,00
012ceb2f-4831-4039-a8db-64e6764884fb;ТНПА «ГНОМ X»;brs;piloting;"ООО ""Подводная робототехника""";ТНПА предназначен для проведения подводных осмотровых и обследовательских работ в прибрежных морских и внутренних водах, а также при осмотре внутренних полостей водонаполненных резервуаров и гидротехнических сооружений. Наиболее доступная модель для широкого круга пользователей.;Морские роботы;;Проведение подводных работ и мониторинга;ТНПА с максимальной глубиной погружения до 200 метров применяется для инспекции прибрежных вод, обследования гидротехнических сооружений, трубопроводов и кабельных линий;7;3.00;Москва;ТЭК;2 380 000,00
f6cc47ab-c645-4fe5-9bd1-0acc609758f0;ОМДЖЕТ -ГМ01;brs;piloting;"ООО ""Роспроект""";;Морские роботы;Беспилотный катамаран;Проведение подводных работ и мониторинга;Беспилотный катамаран проходит пилотные испытания;7;3.00;Омская область;ТЭК;400 000,00
ece9a02a-2d71-496f-a29d-39ab24a8e9d9;T-16;bas;operation;"АО ""Зала Аэро""";;;;Регулярный мониторинг трубопроводов и детальный анализ;Беспилотный комплекс ZALA T-16 еженедельно пролетает более 4 000 км над объектами «Удмуртнефти» (Роснефть). Борт круглосуточно патрулирует трубопроводы, предотвращая кражи, незаконные врезки и выявляя тепловизором скрытые утечки нефти.;9;4.00;Москва;ТЭК;4 600 000,00
c7c905b8-1dcd-43de-8d3c-6e4493077e28;Грузовик M700 V2;bas;operation;"ООО ""Лаборатория Будущего""";Беспилотная авиационная система «Грузовик М700» предназначена для доставки грузов массой до 70 кг на расстояние до 10 км. Оснащена функцией автоматического возврата на точку старта.;;;Регулярный мониторинг трубопроводов и детальный анализ;Тяжелый дрон «Грузовик М700» от «Лаборатории будущего» задействован в труднодоступных северных регионах, в частности на удаленных объектах и фельдшерско-акушерских пунктах Ханты-Мансийского автономного округа (ХМАО). ;8;4.00;Свердловская область;ТЭК;4 500 000,00
e091d100-5f2a-4b05-a012-e972f6367a4d;Грузовик М500 V2;bas;operation;"ООО ""Лаборатория Будущего""";Беспилотная авиационная система «Грузовик М500» предназначена для доставки грузов массой до 40 кг на расстояние до 10 км. Оснащена функцией автоматического возврата на точку старта.;;;Регулярный мониторинг трубопроводов и детальный анализ;Пожарный дрон «Грузовик М500 V2» применяется для ликвидации возгораний горючих жидкостей на промышленных предприятиях и складах ГСМ Свердловской области. ;8;4.00;Свердловская область;ТЭК;4 775 080,00
f1c8478c-86c2-4381-96db-08e0ae889b41;Геоскан 701;bas;operation;"ООО ""Геоскан""";Комплекс для аэрофотосъемки максимальной производительности.;;;Мониторинг паводков и затоплений, Геофизическая разведка, Оценка ущерба от ЧС;БАС применяется для мониторинговых задач;7;5.00;Санкт-Петербург;Безопасность;13 000 000,00
b639b73b-9c1e-4eec-af6f-9662e1d1d171;Альбатрос М5;bas;operation;"ООО ""Альбатрос""";;;;Мониторинг паводков и затоплений;БАС применяется для мониторинговых задач;9;4.00;Республика Татарстан;Безопасность;7 000 000,00
c293732e-214e-4473-93fd-15db477db3af;Геоскан Gemini;bas;operation;"ООО ""Геоскан""";;;;Мониторинг паводков и затоплений, Оценка ущерба от ЧС;БАС применяется для мониторинговых задач;9;4.00;Санкт-Петербург;Безопасность;1 795 000,00
6c0df6e9-ea39-40d2-93af-7aec13d629c7;Геоскан 401;bas;operation;"ООО ""Геоскан""";;;;Геофизическая разведка;БАС применяется для мониторинговых задач;9;4.00;Санкт-Петербург;Безопасность;4 000 000,00
a23855b0-2d22-44f1-838c-b4d23f4a69fb;Геоскан 801;bas;operation;"ООО ""Геоскан""";;;;Поиск пропавших людей, Мониторинг ПДД, Разбор ДТП;БАС применяется для мониторинговых задач;9;4.00;Санкт-Петербург;Безопасность;2 155 000,00
8eb78e78-ab23-4f2a-9684-65fa37fd3a06;Пегас;bas;operation;"ООО ""Аэродин""";;;;Геофизическая разведка;БАС применяется для мониторинговых задач;9;4.00;Ленинградская область;Безопасность;2 500 000,00
8dbe4684-18ef-49f7-bced-95969703a49a;Supercam X4E;bas;operation;"ООО ""Финко""";Профессиональный беспилотный летательный аппарат (БПЛА) мультироторного типа, разработанный группой компаний Беспилотные системы, который предназначен для высокоточного мониторинга, геодезии и картографирования в любое время суток.;;;Поиск пропавших людей;БАС применяется для мониторинговых задач;8;4.00;Удмуртская Республика;Безопасность;5 038 000,00
cf43e50c-bdf6-4069-accb-e16b1d2c670e;Геоскан 201 Термо;bas;operation;"ООО ""Геоскан""";;;;Поиск пропавших людей;БАС применяется для мониторинговых задач;9;4.00;Санкт-Петербург;Безопасность;5 090 000,00
22de87a2-a16a-4ce3-9581-1c3eb6f6d2ec;ДИАМ 20;bas;operation;"АО ГК ""Икар""";;;;Геофизическая разведка;БАС применяется для мониторинговых задач;8;4.00;Москва;Безопасность;10 500 000,00
49db955c-62c7-4f69-912f-2745000471fa;Робот Городовой;brs;operation;"ООО ""Гумич РТК""";;Мобильные роботы;Охранный робот;Патрулирование территории;Патрульный робот приветствовал студентов на дне открытых дверей в Технопарке «Нагатино».;8;2.00;Москва;Безопасность;3 500 000,00
6aa68572-2fef-4dd7-bfd5-68d117c558cc;Трал Патруль 5;brs;operation;"ООО ""СМП Сервис""";;Мобильные роботы;Охранный робот;Патрулирование территории;В парке «Зеленопарк» внедрен автономный комплекс для выполнения функций охранного робота.;8;3.00;Москва;Безопасность;4 000 000,00
ac5b3159-9df0-4911-8cc3-31227a5b3b59;TFM-15-8E;bas;operation;"ООО ""ЛМТ""";;;;Патрулирование площадных объектов, Доставка биоматериалов;Дрон применяется в Калужской области для доставки грузов.;9;4.00;Москва;Безопасность;19 338 818,00
0861538d-75c8-473e-a2ab-499a6b8c1d49;Курьер-30;bas;operation;"ООО ""Клеверкоптер""";"Беспилотная авиационная система с
беспилотным воздушным судном
мультироторного типа c максимальной
взлетной массой 30 кг., подходит для
перевозки различных грузов массой до 6 кг.
объемом до 0,055 м3 на расстояние до 18
км. при различных погодных условиях.";БАС;БАС мультироторного типа;Доставка биоматериаловм;Запущен маршрут доставки биоматериалов с помощью БАС «Курьер-30» между медицинскими учреждениями в Нижегородской области. В результате время транспортировки сокращено с 1,5 часа до 10 минут, за год перевезено около 800 кг грузов.;9;4.00;Нижегородская область;Безопасность;2 200 000,00
0aaaa4d1-9ca6-4737-a3d6-92081635402c;Ортез-1;bas;rnd;"АО ""НПО Андроидная Техника""";;;;Оказание медицинской помощи;Реабилитационный робототехнический комплекс, предназначенный для восстановления двигательной активности пациентов, внедрен в 18 медицинских учреждениях России;9;4.00;Москва;Безопасность;4 000 000,00
bace806b-bb2c-42d1-806b-be4fd48f75f1;Роботизированный лафетный ствол;brs;operation;"ООО ""Коруфайер""";;Стационарные роботизированные системы;Роботизированный лафетный ствол;Тушение пожаров;Робототехнический комплекс использовался в межведомственных опытно-исследовательских учениях «Безопасная Арктика – 2025».;8;5.00;Москва;Безопасность;2 200 000,00
04d05489-05fb-46b3-aed0-1012f96d34a3;Гумич спасатель;brs;piloting;"ООО ""Гумич РТК""";;Мобильные роботы;Охранный робот;Эвакуация пострадавших с места ЧС;Внедрен робот «Спасатель» компании Гумич РТК на территории Ямала для проверки состояния домов на сваях в условиях вечной мерзлоты.;7;4.00;Москва;Безопасность;5 500 000,00
b86f4613-789b-4cee-9f75-5d010da90b61;Роботизированный комплекс по обследованию грунта;brs;piloting;"ООО ""Аврора Роботикс""";;Мобильные роботы;Роботизированная тележка;Обследование подземной инфраструктуры;В Московской области стартовали испытания российских роботов с технологией подземного зрения для автономного поиска и классификации подземных объектов.;7;2.00;Рязанская область;Безопасность;3 400 000,00
26cb8cfb-e0bd-44e7-ae06-22b7bc8379f5;Лоцман;brs;piloting;"АО ""НПП ПТ Океанос""";;Морские роботы;Беспилотный катер;Мониторинг мелководья;Компания получила патент на морской робототехнический комплекс «Лоцман» для работы на предельном мелководье. Система предназначена для гидрографических исследований.;6;2.00;Санкт-Петербург;Безопасность;5 000 000,00
75877a99-cc68-454a-b77f-12f2641337cc;Сарган;brs;piloting;"ФГАОУ ВО ""Севастопольский Государственный Университет""";;Морские роботы;Безэкипажный катер;Мониторинг и патрулирование;Безэкипажный катер предназначен для мониторинга, патрулирования в речных и морских акваториях, может развивать скорость до 60 км в час;7;3.00;Севастополь;Безопасность;5 000 000,00
34590532-dff0-4178-a9ca-6782e4db1701;Калкан;brs;piloting;"ФГАОУ ВО ""Севастопольский Государственный Университет""";;Морские роботы;;Мониторинг, патрулирование, перевозка грузов;Сверхмалый безэкипажный катер предназначен для мониторинга и скоростной доставки специальных грузов;7;3.00;Севастополь;Безопасность;5 000 000,00
38db0187-c455-4601-9ba1-7a1012485e4a;Роботизированная система патрулирования и охраны;brs;operation;МАИ;;Мобильные роботы;Охранный робот;Мониторинг и патрулирование;Внедрена технология для автономного патрулирования зоны стоянки самолета в аэропорту Жуковский в Москве.;8;3.00;Москва;Безопасность;3 600 000,00
87af2fe4-1a49-4263-a2a0-85fbd2b87014;Муравей;bas;operation;"ООО ""Лаборатория Будущего""";;БАС;;Регулярный мониторинг состояния железных дорог и детальный анализ, Перевозка грузов в труднодоступных районах;Коптер применялся для доставки в Якутии через реку Лена;8;3.00;Свердловская область;Транспорт и логистика;1 700 000,00
4d5900ff-77ef-4536-8077-7f18bc242a53;Supercam X4;bas;operation;"ООО ""Финко""";;;;Регулярный мониторинг состояния железных дорог и детальный анализ;БАС применяется для мониторинговых задач;9;4.00;Удмуртская Республика;Транспорт и логистика;3 137 600,00
f1c8478c-86c2-4381-96db-08e0ae889b41;Геоскан 701;bas;operation;"ООО ""Геоскан""";Комплекс для аэрофотосъемки максимальной производительности.;;;Регулярный мониторинг состояния железных дорог и детальный анализ, Ледовый мониторинг, Мониторинг состояния дорожного покрытия;БАС применяется для мониторинговых задач;7;5.00;Санкт-Петербург;Транспорт и логистика;13 000 000,00
cf9643b1-7a04-429c-9ac2-33060c9f42dd;EVOCARGO N1;brs;operation;"ООО ""Эвокарго""";"Высокоавтоматизированный автономный электрический грузовик класса малых коммерческих автомобилей.

Роботрак спроектирован с нуля как полноценный беспилотник 5-го поколения, у которого в конструкции физически отсутствуют кабина водителя, руль, педали и кресло. Машина ориентирована на автоматизацию внутренней логистики крупных закрытых территорий: распределительных центров (РЦ), маркетплейсов и заводов.";Автономные наземные транспортные средства;Беспилотный грузовик;Перевозка грузов на закрытых площадках;"Внедрены 6 автономных грузовиков EVOCARGO N1 в ОЭЗ Алабуга для перевозки паллет с минеральной ватой по 3 маршрутам без участия человека.
Запущен пилотный проект по перевозке полимеров автономным электрогрузовиком EVOCARGO N1 на предприятии СИБУРа в Томской области для повышения эффективности логистики и снижения выбросов.
Электрогрузовик EVOCARGO N1 введен в коммерческую эксплуатацию во Владимирской области на территории технопарка Русклимат ИКСЭл. Использование автономного транспорта на электрической тяге позволит ТПХ Русклимат сократить выброс углекислого газа более чем на 800 кг в год.";9;5.00;Москва;Транспорт и логистика;6 000 000,00
28a5afa8-0473-4f80-99a9-b2922b76810f;Беспилотный тягач (Когнитив Пилот);brs;operation;"АО ""Когнитив Пилот""";;Автономные наземные транспортные средства;Беспилотный тягач;Перевозка грузов на закрытых площадках;Заключен контракт на поставку 45 роботизированных тягачей в аэропорт Пулково для перевозки багажа. Уже введены в эксплуатацию более 20 тягачей.;8;3.00;Москва;Транспорт и логистика;4 000 000,00
d59a8cc3-4edf-428b-8b36-783ac2bf1514;Беспилотный AMT 6×6;brs;operation;"ООО ""Амт Н.В.""";;Автономные наземные транспортные средства;Беспилотный грузовик;Перевозка грузов в труднодоступных районах;Начата регулярная эксплуатация беспилотных грузовиков «Газпром нефти» на месторождениях ЯНАО, Югры и Якутии для осуществления логистических операций.;8;4.00;Челябинская область;Транспорт и логистика;14 000 000,00
d532535e-0a3b-48f4-98bd-a063f2c743db;Багира;brs;rnd;"ООО ""Прикладная Робототехника""";;Мобильные роботы;Универсальная автономная роботизированная платформа;Перевозка грузов в труднодоступных районах;Проведена демонстрация возможностей автономной системы в рамках мероприятия «Московский робо-субботник».;4;2.00;Москва;Транспорт и логистика;4 000 000,00
0861538d-75c8-473e-a2ab-499a6b8c1d49;Курьер-30;bas;operation;"ООО ""Клеверкоптер""";"Беспилотная авиационная система с
беспилотным воздушным судном
мультироторного типа c максимальной
взлетной массой 30 кг., подходит для
перевозки различных грузов массой до 6 кг.
объемом до 0,055 м3 на расстояние до 18
км. при различных погодных условиях.";БАС;БАС мультироторного типа;Городская доставка в постаматы;Запущен маршрут доставки биоматериалов с помощью БАС «Курьер-30» между медицинскими учреждениями в Нижегородской области. В результате время транспортировки сокращено с 1,5 часа до 10 минут, за год перевезено около 800 кг грузов.;9;4.00;Нижегородская область;Транспорт и логистика;2 200 000,00
ac5b3159-9df0-4911-8cc3-31227a5b3b59;TFM-15-8E;bas;operation;"ООО ""ЛМТ""";;;;Доставка последней мили;Дрон применяется в Калужской области для доставки грузов.;9;4.00;Москва;Транспорт и логистика;19 338 818,00
38db0187-c455-4601-9ba1-7a1012485e4a;Роботизированная система патрулирования и охраны;brs;operation;МАИ;;Мобильные роботы;Охранный робот;Мониторинг транспортной инфраструктуры;Внедрена технология для автономного патрулирования зоны стоянки самолета в аэропорту Жуковский в Москве.;8;3.00;Москва;Транспорт и логистика;3 000 000,00
f551e523-fa94-4a0b-a2c8-56ace2f51818;В-120;bas;rnd;"ООО ""Аэромакс""";Гражданский беспилотный летательный аппарат (БПЛА) вертолетного типа для автономной доставки грузов в труднодоступные регионы.;;;Доставка в удаленные, труднодоступные районы;Разрабатывается для логистических задач;7;4.00;Москва;Транспорт и логистика;4 000 000,00
7d1f1ab8-9bc2-45a0-9d76-c1de80c029df;Беспилотный «Львёнок-Москва»;brs;piloting;"ООО ""ПК ТС""";;Автономные наземные транспортные средства;Беспилотный трамвай;Общественная перевозка пассажиров;Завершена опытная эксплуатация первого в России беспилотного трамвая в Москве с общим пробегом по городским маршрутам более 6 тыс. км.;7;4.00;Москва;Транспорт и логистика;120 000 000,00
8900ef0c-62a4-4f79-92dc-402d6ac9fb72;"Беспилотный поезд ""2024""";brs;piloting;"АО ""Метровагонмаш""";;Автономные наземные транспортные средства;Беспилотное метро;Общественная перевозка пассажиров;Реализован пилотный проект по тестированию системы беспилотного управления движением поездов метрополитена.;6;4.00;Московская область;Транспорт и логистика;120 000 000,00
a834aa03-136e-4f61-a1d6-b5563d798f68;L5;brs;piloting;"ООО ""Автотех""";Беспилотный грузовой автомобиль (тягач). Прототип создан специально для магистральной логистики.;Автономные наземные транспортные средства;Беспилотный тягач;Перевозка грузов - магистральные перевозки;Проведены успешные испытания автономного тягача Navio. Проведен первый в России заезд примерно на 3000 км по дорогам общего пользования без водителя в кабине.;7;4.00;Москва;Транспорт и логистика;20 000 000,00
5bda11dc-0ea8-47fa-8f73-5ff324575af8;Беспилотное такси Яндекс;brs;piloting;"ООО ""Яндекс""";;Автономные наземные транспортные средства;Беспилотное такси;Коммерческая перевозка пассажиров;Компания «Яндекс» запланировала крупное внедрение беспилотных такси: 100 единиц техники в Москве к 2026 году и 1000 единиц по всей России к 2030 году.;7;4.00;Москва;Транспорт и логистика;4 500 000,00
6c8ca14a-e25e-4051-9165-de89fbf5c283;Робот-расцепщик;brs;piloting;"АО ""Концерн Телематика""";Робототехнический комплекс расцепки железнодорожных составов на сортировочных горках железнодорожных станций;Мобильные манипуляторы;Робот-расцепщик;Расцепка грузовых вагонов;Завершена опытная эксплуатация робота-расцепщика на сортировочной станции Челябинск-Главный для автоматизации отцепки вагонов и повышения безопасности. За время эксплуатации робот выполнил более 6,5 тыс. расцепок и подтвердил устойчивую работу в условиях высокой интенсивности сортировочного процесса.;8;4.00;Москва;Транспорт и логистика;4 200 000,00
0749847e-b059-4f55-ad40-b5d6eddc703a;Робот-растормаживатель;brs;piloting;"АО ""Концерн Телематика""";Роботехнический комплекс предназначен для отпуска тормозов вагонов;Мобильные манипуляторы;Робот;Обслуживание железнодорожной инфраструктуры и вагонов;Проведены испытания комплексов Растормаживатель для автоматического отпуска тормозов вагонов, контроля тормозной системы и очистки путей от снега и льда на челябинской магистрали. В результате 6 комплексов подтвердили работу в снегопад, дождь и гололед.;8;4.00;Москва;Транспорт и логистика;4 200 000,00
2c5d6d69-1a64-4846-bcc0-bb6119af4558;Ровер для работы с грузовыми вагонами;brs;piloting;"АО ""Нииас""";;Мобильные роботы;Ровер;Обслуживание железнодорожной инфраструктуры и вагонов;Развернут пилотный проект «Цифровая железнодорожная станция» на станции Челябинск-Главный. Внедрены мобильные роботы для отпуска тормозов и очистки путей.;7;2.00;Москва;Транспорт и логистика;4 200 000,00
2d247e24-f7ff-4952-816e-61b6eea96664;T-300-8E;bas;piloting;"ООО ""ЛМТ""";;Стационарные роботизированные системы;;Логистика тяжелых грузов на дальние расстояния;Первая партия из 11 шт. Т-300 сдана в июне 2026 г., в конце года ЛМТ планирует начать процедуру получения сертификата типа.;6;4.00;Москва;Транспорт и логистика;42 000 000,00
8ab1ea05-1c09-4f71-88a4-fffb0b725d6b;Херсонес;brs;piloting;"ФГАОУ ВО ""Севастопольский Государственный Университет""";;Морские роботы;ТНПА;Доставка грузов под водой;Подводный дрон для обследования портов, трубопроводов и корпусов судов подготовлен к коммерческому запуску, первые заказчики — сервисные фирмы по инспекции инфраструктуры.;7;3.00;Севастополь;Транспорт и логистика;5 000 000,00
3b6ed000-db61-40d2-a1fc-aed019e7007c;Барабулька;brs;piloting;"ФГАОУ ВО ""Севастопольский Государственный Университет""";;Морские роботы;Модульная наводная многофункциональная платформа;Доставка грузов по воде;Модульная надводная многофункциональная платформа применяется для мониторинговых задач;7;3.00;Севастополь;Транспорт и логистика;5 000 000,00
2603f59e-cd37-49f3-85ca-705ec956e37a;ВТ-440м;bas;piloting;"АО ""НПП ""Радар ММС""";;;;Доставка грузов в труднодоступные регионы;БВС ВТ-440м регулярно используется для аэрологистики в условиях Крайнего Севера. Этот беспилотник на протяжении 3 лет выполняет на коммерческой основе регулярные рейсы по доставке грузов весом до 100 кг в Ямало-Ненецком автономном округе;8;4.00;Санкт-Петербург;Транспорт и логистика;80 000 000,00
1a694805-4d3a-42ff-80b9-5f68525e76b5;ОРКАН;brs;piloting;"ЗАО ""Си Проект""";Водоизмещение 0,8 м3;Морские роботы;;Доставка грузов по воде;Начаты испытания в Архангельской области безэкипажного катера ОРКАН, предназначенного для геодезических и инженерных измерений, дноуглубительных работ и отработки технологий автономного судоходства. В результате катер подтвердил перспективность для доставки грузов в труднодоступные районы и мониторинга.;7;3.00;Санкт-Петербург;Транспорт и логистика;5 000 000,00
3cae8286-ea39-4329-b7fd-6444cf2f6f91;БРИЗ;brs;piloting;"ЗАО ""Си Проект""";Грузоподъёмность до 500 кг;Морские роботы;;Доставка грузов по воде;Проведены испытания безэкипажного катера БРИЗ в порту Архангельска для подготовки к экспериментальной доставке грузов на отдаленные островные территории. В результате катер с грузоподъемностью до 500 кг подтвердил готовность к работе.;7;3.00;Санкт-Петербург;Транспорт и логистика;5 000 000,00
b5ead192-27fb-4898-b267-edff4ed825a0;БВС ОМДЖЕТ-03;bas;operation;"ООО ""Роспроект""";;;;Мониторинг переправ;Беспилотники «ОмДжет» следят за зимниками и ледовыми переправами в Югре — данные поступают в реальном времени.;9;3.00;Омская область;Транспорт и логистика;3 000 000,00
00ddbb71-8fca-4cb1-9998-78250c62ea03;"OG-07 ""Стрекоза""";bas;operation;"ООО ""Бас Глори Эйр""";;;;Доставка в удаленные, труднодоступные районы;Логистические комплексы «БАС Глори Эйр» задействованы в пилотном проекте Минздрава Якутии для экспресс-снабжения удаленных населенных пунктов. В рамках регулярных вылетов беспилотники автономно преодолевают 30-километровые маршруты между селом Октемцы и городом Покровск, доставляя срочные биоматериалы и медикаменты в труднодоступные районы;8;4.00;Москва;Транспорт и логистика;4 200 000,00
23195034-45aa-48c1-8cb5-1f384c2cacb7;Вихрь-1М;bas;operation;"ООО ""Интэк""";"Универсальная беспилотная летательная
транспортная платформа для доставки
грузов до 20 кг на расстояние до 30 км.
Гибкая мачта с пультом управления,
лебёдкой и кабель тросом. Система
технического зрения с ИИ на базе
нейросетей. Система визуальной навигации.";;;Доставка в удаленные, труднодоступные районы;: В августе 2026 года Центральная избирательная комиссия РФ и компания ИНТЭК подписали соглашение о применении «Вихрь-1М» для доставки избирательных бюллетеней в удаленные и труднодоступные поселки Кемеровской области (Кузбасс).;8;3.00;Томская область;Транспорт и логистика;4 200 000,00
64061eae-b7cb-4aa2-bacd-92e8cdf9097b;Горгона 15;bas;operation;"ООО ""КБ Атл""";"Многофункциональный дрон отечественной разработки,
предназначенный для работы в широком диапазоне условий.
Конструкция предусматривает простоту обслуживания и
масштабируемость. Возможна модификация под конкретные
задачи заказчика.";;;Доставка в удаленные, труднодоступные районы;Аппарат регуляроно используется компанией Boon market для логистики грузов в Якутии;8;3.00;Москва;Транспорт и логистика;4 200 000,00
3d8ff7d4-19fb-4a21-bc4a-15fb13ad3393;Геоскан 201;bas;operation;"ООО ""Геоскан""";Беспилотный авиационный комплекс (БАС) самолетного типа («летающее крыло»). Он спроектирован для высокоточной аэрофотосъемки, 3D-моделирования и мониторинга обширных территорий или линейно-протяженных объектов (ЛЭП, трубопроводов, дорог). Это один из самых массовых и востребованных промышленных дронов в России.;;Самолет;Учёт животных и оценка состояния популяций на особо охраняемых природных территориях, Таксация лесов;"БАС применяется для мониторинговых задач
Проведены аэрофотосъемка 860 га лесных площадей в Анивском лесничестве с помощью БАС «Геоскан 201» и обработка полученных данных для оценки лесовосстановления на Сахалине.";9;4.00;Санкт-Петербург;Лесное хозяйство;3 200 000,00
b639b73b-9c1e-4eec-af6f-9662e1d1d171;Альбатрос М5;bas;operation;"ООО ""Альбатрос""";;;;Учёт животных и оценка состояния популяций на особо охраняемых природных территориях;БАС применяется для мониторинговых задач;9;4.00;Республика Татарстан;Лесное хозяйство;7 000 000,00
6c0df6e9-ea39-40d2-93af-7aec13d629c7;Геоскан 401;bas;operation;"ООО ""Геоскан""";;;;Учёт животных и оценка состояния популяций на особо охраняемых природных территориях, Таксация лесосек;БАС применяется для мониторинговых задач;9;4.00;Санкт-Петербург;Лесное хозяйство;4 000 000,00
22de87a2-a16a-4ce3-9581-1c3eb6f6d2ec;ДИАМ 20;bas;operation;"АО ГК ""Икар""";;;;Таксация лесов;БАС применяется для мониторинговых задач;8;4.00;Москва;Лесное хозяйство;10 500 000,00
8dbe4684-18ef-49f7-bced-95969703a49a;Supercam X4E;bas;operation;"ООО ""Финко""";Профессиональный беспилотный летательный аппарат (БПЛА) мультироторного типа, разработанный группой компаний Беспилотные системы, который предназначен для высокоточного мониторинга, геодезии и картографирования в любое время суток.;;;Таксация лесосек;БАС применяется для мониторинговых задач;8;4.00;Удмуртская Республика;Лесное хозяйство;5 038 000,00
42aed284-0f9c-45f4-a395-d7a5bf4fb5e7;InnoVTOL-3S;bas;rnd;"АНО ВО ""Университет Иннополис""";Беспилотный авиационный комплекс (БАС) самолетного типа с возможностью вертикального взлета и посадки (VTOL).;;VTOL;Мониторинг пожарной опасности в лесах;Разработана система дистанционного мониторинга лесных возгораний с определением колонок дыма — совместный проект Центра БАС Университета Иннополис.;5;3.00;Республика Татарстан;Лесное хозяйство;7 870 000,00
b5ead192-27fb-4898-b267-edff4ed825a0;БВС ОМДЖЕТ-03;bas;operation;"ООО ""Роспроект""";;;;Мониторинг пожарной опасности в лесах;Летом дроны мониторили лесные пожары на 2,6 млн гектаров. Линейка беспилотников прошла серьёзную проверку в пожароопасный сезон 2025 года в ХМАО. «ОмДжет 03» участвовал в мониторинге лесных пожаров на территории почти 2,6 млн гектаров совместно с четырьмя другими типами беспилотных систем. ;9;3.00;Омская область;Лесное хозяйство;3 000 000,00
a23855b0-2d22-44f1-838c-b4d23f4a69fb;Геоскан 801;bas;operation;"ООО ""Геоскан""";;;;Информационная поддержка наземных сил с применением БПЛА микрокласса;БАС применяется для мониторинговых задач;9;4.00;Санкт-Петербург;Лесное хозяйство;2 155 000,00
f1c8478c-86c2-4381-96db-08e0ae889b41;Геоскан 701;bas;operation;"ООО ""Геоскан""";Комплекс для аэрофотосъемки максимальной производительности.;;;Контроль лесопатологий, Борьба с незаконными рубками;БАС применяется для мониторинговых задач;7;5.00;Санкт-Петербург;Лесное хозяйство;13 000 000,00
3e262660-f12a-4eff-8c26-ccf36f923755;Геоскан 701 Видео;bas;operation;"ООО ""Геоскан""";Модель создана на базе флагманской платформы с двигателем внутреннего сгорания (ДВС) и оптимизирована для онлайн-видеомониторинга обширных, удаленных и труднодоступных территорий. Главная особенность комплекса — выдающаяся автономность, позволяющая за один вылет преодолевать до 1000 км.;;Самолет;Мониторинг;Комплексы используют для контроля лесонасаждений, пресечения незаконных рубок и мониторинга лесопатологического состояния;9;3.00;Санкт-Петербург;Лесное хозяйство;17 025 000,00
34aa6c6a-e650-4327-ae15-9bad2024b007;miniSIGMA;bas;operation;"ООО НПП ""Авакс -Геосервис""";;;;Мониторинг; В Красноярском крае для наблюдения за лесами закупили новые беспилотники. В конце 2024 года БАС прошли успешные испытания на аэродроме «Вознесенка», а с начала 2025 года заступили на регулярное дежурство. Была закуплена партия из пяти аппаратов miniSIGMA.;9;4.00;Красноярский край;Лесное хозяйство;3 500 000,00
afa183fe-b6d2-467c-9e2d-a0a2310d8f3d;SIGMA;bas;operation;"ООО НПП ""Авакс -Геосервис""";;;;Мониторинг;БАС Sgma регалярно применяется для миониторинга проверки законности работы лесосек, выявления «черных лесорубов» и аудита арендаторов леса на гигантских площадях в Красноярском крае;9;4.00;Красноярский край;Лесное хозяйство;4 500 000,00
